"Bestand","RelatiefPad","GrootteKB"
"ADR-001-ONE_OWNER.md","docs\architecture\adr\ADR-001-ONE_OWNER.md","0,4"
"ADR-002-MATRIX_CORE_IS_OS.md","docs\architecture\adr\ADR-002-MATRIX_CORE_IS_OS.md","0,5"
"ADR-003-MISSIONS_DESCRIBE_GOALS.md","docs\architecture\adr\ADR-003-MISSIONS_DESCRIBE_GOALS.md","0,5"
"ADR-004-SECOND_BRAIN_IS_CORE.md","docs\architecture\adr\ADR-004-SECOND_BRAIN_IS_CORE.md","0,4"
"ADR-005-PRODUCTION_OVER_CONVERSATION.md","docs\architecture\adr\ADR-005-PRODUCTION_OVER_CONVERSATION.md","0,4"
"ADR-006-ROLE_COMMUNICATION.md","docs\architecture\adr\ADR-006-ROLE_COMMUNICATION.md","0,4"
"ADR-007-QUALITY_GATE.md","docs\architecture\adr\ADR-007-QUALITY_GATE.md","0,4"
"ADR-008-HUMAN_APPROVAL.md","docs\architecture\adr\ADR-008-HUMAN_APPROVAL.md","0,4"
"ADR-009-KNOWLEDGE_OWNERSHIP.md","docs\architecture\adr\ADR-009-KNOWLEDGE_OWNERSHIP.md","0,5"
"AGENT_SPECIFICATIONS.md","docs\architecture\AGENT_SPECIFICATIONS.md","1,6"
"DATA_MODEL.md","docs\architecture\DATA_MODEL.md","2"
"EVENT_MODEL.md","docs\architecture\EVENT_MODEL.md","1,6"
"GLOSSARY.md","docs\architecture\GLOSSARY.md","1"
"MEMORY_MODEL.md","docs\architecture\MEMORY_MODEL.md","0,8"
"MISSION_ENGINE.md","docs\architecture\MISSION_ENGINE.md","1,3"
"ORCHESTRATION_MODEL.md","docs\architecture\ORCHESTRATION_MODEL.md","0,9"
"PERMISSION_MODEL.md","docs\architecture\PERMISSION_MODEL.md","0,9"
"README.md","docs\architecture\README.md","1,2"
"ROLE_MODEL.md","docs\architecture\ROLE_MODEL.md","0,8"
"SECOND_BRAIN.md","docs\architecture\SECOND_BRAIN.md","1,2"
"SECURITY_MODEL.md","docs\architecture\SECURITY_MODEL.md","1,2"
"TECHNICAL_ARCHITECTURE.md","docs\architecture\TECHNICAL_ARCHITECTURE.md","1,6"
"THE_DOST_MATRIX_ARCHITECTURE.md","docs\architecture\THE_DOST_MATRIX_ARCHITECTURE.md","2"
"THE_DOST_MATRIX_PRINCIPLES.md","docs\architecture\THE_DOST_MATRIX_PRINCIPLES.md","2,5"
"ARCHITECTURE_REVIEW_V2.md","docs\architecture-v2\ARCHITECTURE_REVIEW_V2.md","2,3"
"CANONICAL_CONTRACTS_V2.md","docs\architecture-v2\CANONICAL_CONTRACTS_V2.md","2,1"
"DIRECTOR_ARCHITECTURE.md","docs\architecture-v2\DIRECTOR_ARCHITECTURE.md","2,5"
"EVENT_RESULT_AUDIT_ARCHITECTURE.md","docs\architecture-v2\EVENT_RESULT_AUDIT_ARCHITECTURE.md","2,2"
"EXPERIENCE_ENGINE_ARCHITECTURE.md","docs\architecture-v2\EXPERIENCE_ENGINE_ARCHITECTURE.md","2,3"
"MATRIX_CORE_V2_ARCHITECTURE.md","docs\architecture-v2\MATRIX_CORE_V2_ARCHITECTURE.md","3,6"
"MATRIX_MANIFEST.md","docs\architecture-v2\MATRIX_MANIFEST.md","2,2"
"MISSION_ENGINE_ARCHITECTURE.md","docs\architecture-v2\MISSION_ENGINE_ARCHITECTURE.md","2,4"
"MODEL_ROUTER_ARCHITECTURE.md","docs\architecture-v2\MODEL_ROUTER_ARCHITECTURE.md","2,5"
"OWNER_STRATEGY_LAYER_ARCHITECTURE.md","docs\architecture-v2\OWNER_STRATEGY_LAYER_ARCHITECTURE.md","2,2"
"ROLE_SYSTEM_ARCHITECTURE.md","docs\architecture-v2\ROLE_SYSTEM_ARCHITECTURE.md","2,4"
"SECOND_BRAIN_ARCHITECTURE.md","docs\architecture-v2\SECOND_BRAIN_ARCHITECTURE.md","2,2"
"SECURITY_POLICY_ARCHITECTURE.md","docs\architecture-v2\SECURITY_POLICY_ARCHITECTURE.md","2,2"
"ADR-001-firebase.md","docs\decisions\ADR-001-firebase.md","0,7"
"PHASE_1_CANONICAL_CONTRACTS.md","docs\implementation\PHASE_1_CANONICAL_CONTRACTS.md","0,6"
"PHASE_2_MISSION_ENGINE.md","docs\implementation\PHASE_2_MISSION_ENGINE.md","1,3"
"KNOWLEDGE_FOUNDATION_V0.4.0.md","KNOWLEDGE_FOUNDATION_V0.4.0.md","0,8"
"MATRIX.md","MATRIX.md","0,8"
"README.md","node_modules\@babel\code-frame\README.md","0,3"
"README.md","node_modules\@babel\compat-data\README.md","0,3"
"README.md","node_modules\@babel\core\README.md","0,4"
"README.md","node_modules\@babel\generator\README.md","0,4"
"README.md","node_modules\@babel\helper-compilation-targets\README.md","0,4"
"README.md","node_modules\@babel\helper-globals\README.md","0,3"
"README.md","node_modules\@babel\helper-module-imports\README.md","0,3"
"README.md","node_modules\@babel\helper-module-transforms\README.md","0,4"
"README.md","node_modules\@babel\helpers\README.md","0,3"
"README.md","node_modules\@babel\helper-string-parser\README.md","0,3"
"README.md","node_modules\@babel\helper-validator-identifier\README.md","0,4"
"README.md","node_modules\@babel\helper-validator-option\README.md","0,3"
"CHANGELOG.md","node_modules\@babel\parser\CHANGELOG.md","37,3"
"README.md","node_modules\@babel\parser\README.md","0,4"
"README.md","node_modules\@babel\template\README.md","0,4"
"README.md","node_modules\@babel\traverse\README.md","0,5"
"README.md","node_modules\@babel\types\README.md","0,4"
"README.md","node_modules\@emnapi\runtime\README.md","0,1"
"README.md","node_modules\@eslint\config-array\README.md","17"
"README.md","node_modules\@eslint\config-helpers\README.md","5"
"README.md","node_modules\@eslint\core\README.md","3,7"
"README.md","node_modules\@eslint\eslintrc\README.md","6,6"
"README.md","node_modules\@eslint\js\README.md","2,5"
"README.md","node_modules\@eslint\object-schema\README.md","8,1"
"README.md","node_modules\@eslint\plugin-kit\README.md","12"
"README.md","node_modules\@eslint-community\eslint-utils\node_modules\eslint-visitor-keys\README.md","2,7"
"README.md","node_modules\@eslint-community\eslint-utils\README.md","1,6"
"README.md","node_modules\@eslint-community\regexpp\README.md","5,5"
"README.md","node_modules\@fastify\busboy\README.md","11,2"
"README.md","node_modules\@firebase\ai\README.md","0,2"
"README.md","node_modules\@firebase\analytics\README.md","0,2"
"README.md","node_modules\@firebase\analytics-compat\README.md","0,3"
"README.md","node_modules\@firebase\analytics-types\README.md","0,2"
"README.md","node_modules\@firebase\app\README.md","0,3"
"README.md","node_modules\@firebase\app-check\README.md","0,2"
"README.md","node_modules\@firebase\app-check-compat\README.md","0,3"
"README.md","node_modules\@firebase\app-check-interop-types\README.md","0,2"
"README.md","node_modules\@firebase\app-check-types\README.md","0,2"
"README.md","node_modules\@firebase\app-compat\README.md","0,3"
"README.md","node_modules\@firebase\app-types\README.md","0,2"
"README.md","node_modules\@firebase\auth-compat\node_modules\@firebase\auth\README.md","7"
"README.md","node_modules\@firebase\auth-compat\README.md","0,3"
"README.md","node_modules\@firebase\auth-interop-types\README.md","0,2"
"README.md","node_modules\@firebase\auth-types\README.md","0,2"
"README.md","node_modules\@firebase\component\README.md","0,3"
"README.md","node_modules\@firebase\database\README.md","0,3"
"README.md","node_modules\@firebase\database-compat\README.md","0,3"
"README.md","node_modules\@firebase\database-types\README.md","0,2"
"README.md","node_modules\@firebase\data-connect\README.md","0,1"
"README.md","node_modules\@firebase\firestore\README.md","1"
"README.md","node_modules\@firebase\firestore-compat\README.md","1"
"README.md","node_modules\@firebase\firestore-types\README.md","0,2"
"README.md","node_modules\@firebase\functions\README.md","0,2"
"README.md","node_modules\@firebase\functions-types\README.md","0,2"
"README.md","node_modules\@firebase\installations-compat\README.md","0,3"
"README.md","node_modules\@firebase\logger\README.md","1,2"
"README.md","node_modules\@firebase\messaging\README.md","0,3"
"README.md","node_modules\@firebase\messaging-compat\README.md","0,2"
"README.md","node_modules\@firebase\messaging-interop-types\README.md","0,2"
"README.md","node_modules\@firebase\performance\README.md","0,3"
"README.md","node_modules\@firebase\performance-compat\README.md","0,2"
"README.md","node_modules\@firebase\remote-config\README.md","0,6"
"README.md","node_modules\@firebase\remote-config-compat\README.md","0,2"
"README.md","node_modules\@firebase\remote-config-types\README.md","0,2"
"README.md","node_modules\@firebase\storage\README.md","0,2"
"README.md","node_modules\@firebase\storage-compat\README.md","0,2"
"README.md","node_modules\@firebase\storage-types\README.md","0,2"
"README.md","node_modules\@firebase\util\README.md","0,5"
"README.md","node_modules\@firebase\webchannel-wrapper\README.md","0,7"
"README.md","node_modules\@google-cloud\firestore\README.md","8,1"
"CHANGELOG.md","node_modules\@google-cloud\paginator\CHANGELOG.md","13,6"
"README.md","node_modules\@google-cloud\paginator\README.md","5,2"
"CHANGELOG.md","node_modules\@google-cloud\projectify\CHANGELOG.md","10,8"
"README.md","node_modules\@google-cloud\projectify\README.md","5"
"CHANGELOG.md","node_modules\@google-cloud\promisify\CHANGELOG.md","10,1"
"README.md","node_modules\@google-cloud\promisify\README.md","5,6"
"CHANGELOG.md","node_modules\@google-cloud\storage\node_modules\gcp-metadata\CHANGELOG.md","25"
"README.md","node_modules\@google-cloud\storage\node_modules\gcp-metadata\README.md","8,3"
"CHANGELOG.md","node_modules\@google-cloud\storage\node_modules\google-auth-library\CHANGELOG.md","89"
"README.md","node_modules\@google-cloud\storage\node_modules\google-auth-library\README.md","79,5"
"README.md","node_modules\@google-cloud\storage\README.md","51,3"
"README.md","node_modules\@grpc\grpc-js\README.md","4,2"
"README.md","node_modules\@grpc\proto-loader\README.md","7,1"
"README.md","node_modules\@humanfs\core\README.md","3,3"
"README.md","node_modules\@humanfs\node\README.md","3,1"
"CHANGELOG.md","node_modules\@humanfs\types\CHANGELOG.md","6,8"
"README.md","node_modules\@humanfs\types\README.md","0,5"
"CHANGELOG.md","node_modules\@humanwhocodes\module-importer\CHANGELOG.md","0,5"
"README.md","node_modules\@humanwhocodes\module-importer\README.md","2"
"README.md","node_modules\@humanwhocodes\retry\README.md","4,2"
"LICENSE.md","node_modules\@img\colour\LICENSE.md","4,3"
"README.md","node_modules\@img\colour\README.md","0,5"
"README.md","node_modules\@img\sharp-win32-x64\README.md","4,8"
"README.md","node_modules\@jridgewell\gen-mapping\README.md","7,3"
"README.md","node_modules\@jridgewell\remapping\README.md","7,1"
"README.md","node_modules\@jridgewell\resolve-uri\README.md","2,8"
"README.md","node_modules\@jridgewell\sourcemap-codec\README.md","9,8"
"README.md","node_modules\@jridgewell\trace-mapping\README.md","14,1"
"CHANGELOG.md","node_modules\@js-sdsl\ordered-map\CHANGELOG.md","6,4"
"README.md","node_modules\@js-sdsl\ordered-map\README.md","16,2"
"README.zh-CN.md","node_modules\@js-sdsl\ordered-map\README.zh-CN.md","16,2"
"README.md","node_modules\@next\env\README.md","0,1"
"README.md","node_modules\@next\eslint-plugin-next\README.md","0,1"
"README.md","node_modules\@next\swc-win32-x64-msvc\README.md","0,1"
"README.md","node_modules\@nodable\entities\README.md","3,4"
"README.md","node_modules\@nodelib\fs.scandir\README.md","4,8"
"README.md","node_modules\@nodelib\fs.stat\README.md","3"
"README.md","node_modules\@nodelib\fs.walk\README.md","6"
"README.md","node_modules\@opentelemetry\api\README.md","8,1"
"README.md","node_modules\@protobufjs\aspromise\README.md","0,5"
"README.md","node_modules\@protobufjs\base64\README.md","0,7"
"README.md","node_modules\@protobufjs\codegen\README.md","1,8"
"CHANGELOG.md","node_modules\@protobufjs\eventemitter\CHANGELOG.md","0,3"
"README.md","node_modules\@protobufjs\eventemitter\README.md","0,8"
"CHANGELOG.md","node_modules\@protobufjs\fetch\CHANGELOG.md","0,3"
"README.md","node_modules\@protobufjs\fetch\README.md","0,5"
"README.md","node_modules\@protobufjs\float\README.md","4"
"README.md","node_modules\@protobufjs\path\README.md","0,7"
"README.md","node_modules\@protobufjs\pool\README.md","0,5"
"CHANGELOG.md","node_modules\@protobufjs\utf8\CHANGELOG.md","0,4"
"README.md","node_modules\@protobufjs\utf8\README.md","0,6"
"README.md","node_modules\@rtsao\scc\README.md","1,1"
"README.md","node_modules\@tootallnate\once\README.md","2,6"
"README.md","node_modules\@types\caseless\README.md","1,6"
"README.md","node_modules\@types\estree\README.md","0,4"
"README.md","node_modules\@types\json5\README.md","0,5"
"README.md","node_modules\@types\json-schema\README.md","0,6"
"README.md","node_modules\@types\jsonwebtoken\README.md","1,1"
"README.md","node_modules\@types\long\README.md","0,5"
"README.md","node_modules\@types\ms\README.md","1,8"
"README.md","node_modules\@types\node\README.md","1,5"
"README.md","node_modules\@types\react\README.md","1,7"
"README.md","node_modules\@types\react-dom\README.md","0,8"
"README.md","node_modules\@types\request\README.md","1,1"
"README.md","node_modules\@types\tough-cookie\README.md","0,6"
"README.md","node_modules\@typescript-eslint\eslint-plugin\node_modules\ignore\README.md","12,8"
"README.md","node_modules\@typescript-eslint\eslint-plugin\README.md","0,7"
"README.md","node_modules\@typescript-eslint\parser\README.md","0,8"
"README.md","node_modules\@typescript-eslint\project-service\README.md","0,7"
"README.md","node_modules\@typescript-eslint\scope-manager\README.md","0,7"
"README.md","node_modules\@typescript-eslint\tsconfig-utils\README.md","0,8"
"README.md","node_modules\@typescript-eslint\types\README.md","0,4"
"LICENSE.md","node_modules\@typescript-eslint\typescript-estree\node_modules\balanced-match\LICENSE.md","1,1"
"README.md","node_modules\@typescript-eslint\typescript-estree\node_modules\balanced-match\README.md","1,7"
"README.md","node_modules\@typescript-eslint\typescript-estree\node_modules\brace-expansion\README.md","2,4"
"LICENSE.md","node_modules\@typescript-eslint\typescript-estree\node_modules\minimatch\LICENSE.md","1,5"
"README.md","node_modules\@typescript-eslint\typescript-estree\node_modules\minimatch\README.md","19,4"
"README.md","node_modules\@typescript-eslint\typescript-estree\node_modules\semver\README.md","25,1"
"README.md","node_modules\@typescript-eslint\typescript-estree\README.md","0,8"
"README.md","node_modules\@typescript-eslint\type-utils\README.md","0,8"
"README.md","node_modules\@typescript-eslint\utils\README.md","0,7"
"README.md","node_modules\@typescript-eslint\visitor-keys\node_modules\eslint-visitor-keys\README.md","5,9"
"README.md","node_modules\@typescript-eslint\visitor-keys\README.md","0,4"
"README.md","node_modules\@unrs\resolver-binding-win32-x64-msvc\README.md","0,1"
"README.md","node_modules\abort-controller\README.md","3,1"
"CHANGELOG.md","node_modules\acorn\CHANGELOG.md","23,6"
"README.md","node_modules\acorn\README.md","11,2"
"README.md","node_modules\acorn-jsx\README.md","1,9"
"README.md","node_modules\agent-base\README.md","2,4"
"README.md","node_modules\ajv\lib\dotjs\README.md","0,1"
"README.md","node_modules\ajv\README.md","84,8"
"readme.md","node_modules\ansi-regex\readme.md","2,5"
"readme.md","node_modules\ansi-styles\readme.md","4,2"
"README.md","node_modules\anynum\README.md","4,5"
"CHANGELOG.md","node_modules\argparse\CHANGELOG.md","5,8"
"README.md","node_modules\argparse\README.md","2,7"
"README.md","node_modules\aria-query\README.md","7"
"CHANGELOG.md","node_modules\array.prototype.findlast\CHANGELOG.md","8,3"
"README.md","node_modules\array.prototype.findlast\README.md","3"
"CHANGELOG.md","node_modules\array.prototype.findlastindex\CHANGELOG.md","9,5"
"README.md","node_modules\array.prototype.findlastindex\README.md","3,2"
"CHANGELOG.md","node_modules\array.prototype.flat\CHANGELOG.md","5,8"
"README.md","node_modules\array.prototype.flat\README.md","2,9"
"CHANGELOG.md","node_modules\array.prototype.flatmap\CHANGELOG.md","6,5"
"README.md","node_modules\array.prototype.flatmap\README.md","3,1"
"CHANGELOG.md","node_modules\array.prototype.tosorted\CHANGELOG.md","5,7"
"README.md","node_modules\array.prototype.tosorted\README.md","2,6"
"CHANGELOG.md","node_modules\arraybuffer.prototype.slice\CHANGELOG.md","4,3"
"README.md","node_modules\arraybuffer.prototype.slice\README.md","2,5"
"CHANGELOG.md","node_modules\array-buffer-byte-length\CHANGELOG.md","3,9"
"README.md","node_modules\array-buffer-byte-length\README.md","1,9"
"CHANGELOG.md","node_modules\array-includes\CHANGELOG.md","8,9"
"README.md","node_modules\array-includes\README.md","3,3"
"readme.md","node_modules\arrify\readme.md","0,5"
"README.md","node_modules\ast-types-flow\README.md","2"
"CHANGELOG.md","node_modules\async-function\CHANGELOG.md","0,9"
"README.md","node_modules\async-function\README.md","1,8"
"README.md","node_modules\asynckit\README.md","7,5"
"LICENSE.md","node_modules\async-retry\LICENSE.md","1,1"
"README.md","node_modules\async-retry\README.md","1,7"
"CHANGELOG.md","node_modules\available-typed-arrays\CHANGELOG.md","9"
"README.md","node_modules\available-typed-arrays\README.md","1,9"
"README.md","node_modules\axe-core\locales\README.md","1"
"README.md","node_modules\axe-core\README.md","10,2"
"README.md","node_modules\axobject-query\README.md","20,7"
"LICENSE.md","node_modules\balanced-match\LICENSE.md","1,1"
"README.md","node_modules\balanced-match\README.md","3,4"
"README.md","node_modules\base64-js\README.md","1,1"
"README.md","node_modules\baseline-browser-mapping\README.md","21,4"
"CHANGELOG.md","node_modules\bignumber.js\CHANGELOG.md","9,4"
"LICENCE.md","node_modules\bignumber.js\LICENCE.md","1,1"
"README.md","node_modules\bignumber.js\README.md","10,8"
"ADVISORY-CVE-2026-14257.md","node_modules\brace-expansion\ADVISORY-CVE-2026-14257.md","4,3"
"README.md","node_modules\brace-expansion\README.md","4"
"README.md","node_modules\braces\README.md","21"
"README.md","node_modules\browserslist\README.md","2,3"
"README.md","node_modules\buffer-equal-constant-time\README.md","1,1"
"CHANGELOG.md","node_modules\call-bind\CHANGELOG.md","10,1"
"README.md","node_modules\call-bind\README.md","1,9"
"CHANGELOG.md","node_modules\call-bind-apply-helpers\CHANGELOG.md","1,9"
"README.md","node_modules\call-bind-apply-helpers\README.md","2,3"
"CHANGELOG.md","node_modules\call-bound\CHANGELOG.md","2,8"
"README.md","node_modules\call-bound\README.md","1,9"
"readme.md","node_modules\callsites\readme.md","1,8"
"README.md","node_modules\caniuse-lite\README.md","0,1"
"readme.md","node_modules\chalk\readme.md","13,1"
"CHANGELOG.md","node_modules\cliui\CHANGELOG.md","4,5"
"README.md","node_modules\cliui\README.md","2,9"
"CHANGELOG.md","node_modules\color-convert\CHANGELOG.md","1,4"
"README.md","node_modules\color-convert\README.md","2,8"
"README.md","node_modules\color-name\README.md","0,4"
"Readme.md","node_modules\combined-stream\Readme.md","4,4"
"README.md","node_modules\convert-source-map\README.md","7,2"
"README.md","node_modules\cross-spawn\README.md","4"
"README.md","node_modules\csstype\README.md","10,6"
"CHANGELOG.md","node_modules\damerau-levenshtein\CHANGELOG.md","1,5"
"README.md","node_modules\damerau-levenshtein\README.md","1,1"
"README.md","node_modules\data-uri-to-buffer\README.md","2,9"
"CHANGELOG.md","node_modules\data-view-buffer\CHANGELOG.md","3"
"README.md","node_modules\data-view-buffer\README.md","1,9"
"CHANGELOG.md","node_modules\data-view-byte-length\CHANGELOG.md","2,8"
"README.md","node_modules\data-view-byte-length\README.md","2"
"CHANGELOG.md","node_modules\data-view-byte-offset\CHANGELOG.md","2,7"
"README.md","node_modules\data-view-byte-offset\README.md","2"
"README.md","node_modules\debug\README.md","21,6"
"CHANGELOG.md","node_modules\define-data-property\CHANGELOG.md","5,3"
"README.md","node_modules\define-data-property\README.md","2,4"
"CHANGELOG.md","node_modules\define-properties\CHANGELOG.md","4,1"
"README.md","node_modules\define-properties\README.md","2,8"
"Readme.md","node_modules\delayed-stream\Readme.md","3,8"
"README.md","node_modules\detect-libc\README.md","3,1"
"CHANGELOG.md","node_modules\doctrine\CHANGELOG.md","4"
"README.md","node_modules\doctrine\README.md","6,5"
"CHANGELOG.md","node_modules\dunder-proto\CHANGELOG.md","1,5"
"README.md","node_modules\dunder-proto\README.md","1,9"
"README.md","node_modules\duplexify\README.md","2,6"
"README.md","node_modules\ecdsa-sig-formatter\README.md","1,8"
"README.md","node_modules\electron-to-chromium\README.md","6,2"
"README.md","node_modules\emoji-regex\README.md","4,4"
"README.md","node_modules\end-of-stream\README.md","1,7"
"CHANGELOG.md","node_modules\es-abstract\CHANGELOG.md","48,2"
"README.md","node_modules\es-abstract\README.md","1,9"
"CHANGELOG.md","node_modules\es-abstract-get\CHANGELOG.md","0,8"
"README.md","node_modules\es-abstract-get\README.md","3"
"readme.md","node_modules\escalade\readme.md","6,8"
"readme.md","node_modules\escape-string-regexp\readme.md","1"
"CHANGELOG.md","node_modules\es-define-property\CHANGELOG.md","2,2"
"README.md","node_modules\es-define-property\README.md","2"
"CHANGELOG.md","node_modules\es-errors\CHANGELOG.md","1,8"
"README.md","node_modules\es-errors\README.md","2,1"
"CHANGELOG.md","node_modules\es-iterator-helpers\CHANGELOG.md","29,1"
"README.md","node_modules\es-iterator-helpers\README.md","6,2"
"README.md","node_modules\eslint\README.md","19,7"
"readme.md","node_modules\eslint-config-next\node_modules\globals\readme.md","1,6"
"CHANGELOG.md","node_modules\eslint-import-resolver-node\node_modules\debug\CHANGELOG.md","12,6"
"README.md","node_modules\eslint-import-resolver-node\node_modules\debug\README.md","20,6"
"README.md","node_modules\eslint-import-resolver-node\README.md","1,3"
"README.md","node_modules\eslint-import-resolver-typescript\README.md","12,2"
"CHANGELOG.md","node_modules\eslint-module-utils\CHANGELOG.md","9,3"
"CHANGELOG.md","node_modules\eslint-module-utils\node_modules\debug\CHANGELOG.md","12,6"
"README.md","node_modules\eslint-module-utils\node_modules\debug\README.md","20,6"
"CHANGELOG.md","node_modules\eslint-plugin-import\CHANGELOG.md","113,5"
"consistent-type-specifier-style.md","node_modules\eslint-plugin-import\docs\rules\consistent-type-specifier-style.md","2,8"
"default.md","node_modules\eslint-plugin-import\docs\rules\default.md","2"
"dynamic-import-chunkname.md","node_modules\eslint-plugin-import\docs\rules\dynamic-import-chunkname.md","3,2"
"enforce-node-protocol-usage.md","node_modules\eslint-plugin-import\docs\rules\enforce-node-protocol-usage.md","2,1"
"export.md","node_modules\eslint-plugin-import\docs\rules\export.md","1"
"exports-last.md","node_modules\eslint-plugin-import\docs\rules\exports-last.md","0,9"
"extensions.md","node_modules\eslint-plugin-import\docs\rules\extensions.md","7,4"
"first.md","node_modules\eslint-plugin-import\docs\rules\first.md","2,2"
"group-exports.md","node_modules\eslint-plugin-import\docs\rules\group-exports.md","2,4"
"imports-first.md","node_modules\eslint-plugin-import\docs\rules\imports-first.md","0,4"
"max-dependencies.md","node_modules\eslint-plugin-import\docs\rules\max-dependencies.md","1,8"
"named.md","node_modules\eslint-plugin-import\docs\rules\named.md","2,5"
"namespace.md","node_modules\eslint-plugin-import\docs\rules\namespace.md","2,8"
"newline-after-import.md","node_modules\eslint-plugin-import\docs\rules\newline-after-import.md","2,8"
"no-absolute-path.md","node_modules\eslint-plugin-import\docs\rules\no-absolute-path.md","1,5"
"no-amd.md","node_modules\eslint-plugin-import\docs\rules\no-amd.md","1"
"no-anonymous-default-export.md","node_modules\eslint-plugin-import\docs\rules\no-anonymous-default-export.md","2,2"
"no-commonjs.md","node_modules\eslint-plugin-import\docs\rules\no-commonjs.md","2,2"
"no-cycle.md","node_modules\eslint-plugin-import\docs\rules\no-cycle.md","3,7"
"no-default-export.md","node_modules\eslint-plugin-import\docs\rules\no-default-export.md","1,2"
"no-deprecated.md","node_modules\eslint-plugin-import\docs\rules\no-deprecated.md","1,4"
"no-duplicates.md","node_modules\eslint-plugin-import\docs\rules\no-duplicates.md","3,5"
"no-dynamic-require.md","node_modules\eslint-plugin-import\docs\rules\no-dynamic-require.md","0,8"
"no-empty-named-blocks.md","node_modules\eslint-plugin-import\docs\rules\no-empty-named-blocks.md","0,8"
"no-extraneous-dependencies.md","node_modules\eslint-plugin-import\docs\rules\no-extraneous-dependencies.md","4,8"
"no-import-module-exports.md","node_modules\eslint-plugin-import\docs\rules\no-import-module-exports.md","1,7"
"no-internal-modules.md","node_modules\eslint-plugin-import\docs\rules\no-internal-modules.md","2,9"
"no-mutable-exports.md","node_modules\eslint-plugin-import\docs\rules\no-mutable-exports.md","1,4"
"no-named-as-default.md","node_modules\eslint-plugin-import\docs\rules\no-named-as-default.md","1,4"
"no-named-as-default-member.md","node_modules\eslint-plugin-import\docs\rules\no-named-as-default-member.md","1,4"
"no-named-default.md","node_modules\eslint-plugin-import\docs\rules\no-named-default.md","0,7"
"no-named-export.md","node_modules\eslint-plugin-import\docs\rules\no-named-export.md","1,4"
"no-namespace.md","node_modules\eslint-plugin-import\docs\rules\no-namespace.md","1"
"no-nodejs-modules.md","node_modules\eslint-plugin-import\docs\rules\no-nodejs-modules.md","0,8"
"no-relative-packages.md","node_modules\eslint-plugin-import\docs\rules\no-relative-packages.md","1,5"
"no-relative-parent-imports.md","node_modules\eslint-plugin-import\docs\rules\no-relative-parent-imports.md","2,6"
"no-restricted-paths.md","node_modules\eslint-plugin-import\docs\rules\no-restricted-paths.md","4,7"
"no-self-import.md","node_modules\eslint-plugin-import\docs\rules\no-self-import.md","0,4"
"no-unassigned-import.md","node_modules\eslint-plugin-import\docs\rules\no-unassigned-import.md","2"
"no-unresolved.md","node_modules\eslint-plugin-import\docs\rules\no-unresolved.md","4,2"
"no-unused-modules.md","node_modules\eslint-plugin-import\docs\rules\no-unused-modules.md","3,3"
"no-useless-path-segments.md","node_modules\eslint-plugin-import\docs\rules\no-useless-path-segments.md","2,5"
"no-webpack-loader-syntax.md","node_modules\eslint-plugin-import\docs\rules\no-webpack-loader-syntax.md","1,1"
"order.md","node_modules\eslint-plugin-import\docs\rules\order.md","28,9"
"prefer-default-export.md","node_modules\eslint-plugin-import\docs\rules\prefer-default-export.md","3,2"
"unambiguous.md","node_modules\eslint-plugin-import\docs\rules\unambiguous.md","1,9"
"README.md","node_modules\eslint-plugin-import\memo-parser\README.md","0,5"
"CHANGELOG.md","node_modules\eslint-plugin-import\node_modules\debug\CHANGELOG.md","12,6"
"README.md","node_modules\eslint-plugin-import\node_modules\debug\README.md","20,6"
"README.md","node_modules\eslint-plugin-import\README.md","27,9"
"SECURITY.md","node_modules\eslint-plugin-import\SECURITY.md","0,3"
"CHANGELOG.md","node_modules\eslint-plugin-jsx-a11y\CHANGELOG.md","46,7"
"accessible-emoji.md","node_modules\eslint-plugin-jsx-a11y\docs\rules\accessible-emoji.md","1"
"alt-text.md","node_modules\eslint-plugin-jsx-a11y\docs\rules\alt-text.md","5"
"anchor-ambiguous-text.md","node_modules\eslint-plugin-jsx-a11y\docs\rules\anchor-ambiguous-text.md","2,9"
"anchor-has-content.md","node_modules\eslint-plugin-jsx-a11y\docs\rules\anchor-has-content.md","1,6"
"anchor-is-valid.md","node_modules\eslint-plugin-jsx-a11y\docs\rules\anchor-is-valid.md","10,8"
"aria-activedescendant-has-tabindex.md","node_modules\eslint-plugin-jsx-a11y\docs\rules\aria-activedescendant-has-tabindex.md","2"
"aria-props.md","node_modules\eslint-plugin-jsx-a11y\docs\rules\aria-props.md","0,8"
"aria-proptypes.md","node_modules\eslint-plugin-jsx-a11y\docs\rules\aria-proptypes.md","0,8"
"aria-role.md","node_modules\eslint-plugin-jsx-a11y\docs\rules\aria-role.md","2"
"aria-unsupported-elements.md","node_modules\eslint-plugin-jsx-a11y\docs\rules\aria-unsupported-elements.md","1"
"autocomplete-valid.md","node_modules\eslint-plugin-jsx-a11y\docs\rules\autocomplete-valid.md","1,4"
"click-events-have-key-events.md","node_modules\eslint-plugin-jsx-a11y\docs\rules\click-events-have-key-events.md","0,9"
"control-has-associated-label.md","node_modules\eslint-plugin-jsx-a11y\docs\rules\control-has-associated-label.md","3,7"
"heading-has-content.md","node_modules\eslint-plugin-jsx-a11y\docs\rules\heading-has-content.md","1,5"
"html-has-lang.md","node_modules\eslint-plugin-jsx-a11y\docs\rules\html-has-lang.md","0,8"
"iframe-has-title.md","node_modules\eslint-plugin-jsx-a11y\docs\rules\iframe-has-title.md","0,9"
"img-redundant-alt.md","node_modules\eslint-plugin-jsx-a11y\docs\rules\img-redundant-alt.md","1,8"
"interactive-supports-focus.md","node_modules\eslint-plugin-jsx-a11y\docs\rules\interactive-supports-focus.md","6,1"
"label-has-associated-control.md","node_modules\eslint-plugin-jsx-a11y\docs\rules\label-has-associated-control.md","4,8"
"label-has-for.md","node_modules\eslint-plugin-jsx-a11y\docs\rules\label-has-for.md","3,7"
"lang.md","node_modules\eslint-plugin-jsx-a11y\docs\rules\lang.md","0,7"
"media-has-caption.md","node_modules\eslint-plugin-jsx-a11y\docs\rules\media-has-caption.md","2"
"mouse-events-have-key-events.md","node_modules\eslint-plugin-jsx-a11y\docs\rules\mouse-events-have-key-events.md","2"
"no-access-key.md","node_modules\eslint-plugin-jsx-a11y\docs\rules\no-access-key.md","0,9"
"no-aria-hidden-on-focusable.md","node_modules\eslint-plugin-jsx-a11y\docs\rules\no-aria-hidden-on-focusable.md","1,5"
"no-autofocus.md","node_modules\eslint-plugin-jsx-a11y\docs\rules\no-autofocus.md","1,1"
"no-distracting-elements.md","node_modules\eslint-plugin-jsx-a11y\docs\rules\no-distracting-elements.md","1,5"
"no-interactive-element-to-noninteractive-role.md","node_modules\eslint-plugin-jsx-a11y\docs\rules\no-interactive-element-to-noninteractive-role.md","2,8"
"no-noninteractive-element-interactions.md","node_modules\eslint-plugin-jsx-a11y\docs\rules\no-noninteractive-element-interactions.md","5,6"
"no-noninteractive-element-to-interactive-role.md","node_modules\eslint-plugin-jsx-a11y\docs\rules\no-noninteractive-element-to-interactive-role.md","2,7"
"no-noninteractive-tabindex.md","node_modules\eslint-plugin-jsx-a11y\docs\rules\no-noninteractive-tabindex.md","5,2"
"no-onchange.md","node_modules\eslint-plugin-jsx-a11y\docs\rules\no-onchange.md","1,6"
"no-redundant-roles.md","node_modules\eslint-plugin-jsx-a11y\docs\rules\no-redundant-roles.md","1,4"
"no-static-element-interactions.md","node_modules\eslint-plugin-jsx-a11y\docs\rules\no-static-element-interactions.md","4,3"
"prefer-tag-over-role.md","node_modules\eslint-plugin-jsx-a11y\docs\rules\prefer-tag-over-role.md","0,5"
"role-has-required-aria-props.md","node_modules\eslint-plugin-jsx-a11y\docs\rules\role-has-required-aria-props.md","0,9"
"role-supports-aria-props.md","node_modules\eslint-plugin-jsx-a11y\docs\rules\role-supports-aria-props.md","1,6"
"scope.md","node_modules\eslint-plugin-jsx-a11y\docs\rules\scope.md","0,6"
"tabindex-no-positive.md","node_modules\eslint-plugin-jsx-a11y\docs\rules\tabindex-no-positive.md","0,8"
"LICENSE.md","node_modules\eslint-plugin-jsx-a11y\LICENSE.md","1,1"
"README.md","node_modules\eslint-plugin-jsx-a11y\README.md","23,2"
"README.md","node_modules\eslint-plugin-react\README.md","38,5"
"README.md","node_modules\eslint-plugin-react-hooks\README.md","4,1"
"README.md","node_modules\eslint-scope\README.md","11,3"
"README.md","node_modules\eslint-visitor-keys\README.md","6,6"
"CHANGELOG.md","node_modules\es-object-atoms\CHANGELOG.md","2,6"
"README.md","node_modules\es-object-atoms\README.md","2,5"
"README.md","node_modules\espree\README.md","13,9"
"README.md","node_modules\esquery\README.md","2,1"
"README.md","node_modules\esrecurse\README.md","5"
"CHANGELOG.md","node_modules\es-set-tostringtag\CHANGELOG.md","4,9"
"README.md","node_modules\es-set-tostringtag\README.md","2,2"
"CHANGELOG.md","node_modules\es-shim-unscopables\CHANGELOG.md","2"
"README.md","node_modules\es-shim-unscopables\README.md","2,2"
"CHANGELOG.md","node_modules\es-to-primitive\CHANGELOG.md","11,2"
"README.md","node_modules\es-to-primitive\README.md","2,2"
"README.md","node_modules\estraverse\README.md","4,8"
"README.md","node_modules\esutils\README.md","6,7"
"README.md","node_modules\event-target-shim\README.md","8,7"
"CHANGELOG.md","node_modules\extend\CHANGELOG.md","2,7"
"README.md","node_modules\extend\README.md","3"
"README.md","node_modules\farmhash-modern\README.md","4,1"
"README.md","node_modules\fast-deep-equal\README.md","3,2"
"CHANGELOG.md","node_modules\fast-glob\node_modules\glob-parent\CHANGELOG.md","4,4"
"README.md","node_modules\fast-glob\node_modules\glob-parent\README.md","4,5"
"README.md","node_modules\fast-glob\README.md","25,5"
"README.md","node_modules\fast-json-stable-stringify\README.md","3,4"
"LICENSE.md","node_modules\fast-levenshtein\LICENSE.md","1,1"
"README.md","node_modules\fast-levenshtein\README.md","3,3"
"README.md","node_modules\fastq\README.md","8"
"SECURITY.md","node_modules\fastq\SECURITY.md","0,4"
"CHANGELOG.md","node_modules\fast-xml-builder\CHANGELOG.md","1,3"
"README.md","node_modules\fast-xml-builder\README.md","4,8"
"CHANGELOG.md","node_modules\fast-xml-parser\CHANGELOG.md","30,2"
"README.md","node_modules\fast-xml-parser\README.md","9,3"
"CHANGELOG.md","node_modules\faye-websocket\CHANGELOG.md","3,4"
"LICENSE.md","node_modules\faye-websocket\LICENSE.md","0,5"
"README.md","node_modules\faye-websocket\README.md","10,9"
"README.md","node_modules\fetch-blob\README.md","5"
"README.md","node_modules\file-entry-cache\README.md","5,4"
"README.md","node_modules\fill-range\README.md","7,3"
"readme.md","node_modules\find-up\readme.md","3,9"
"README.md","node_modules\firebase\node_modules\@firebase\auth\README.md","7"
"README.md","node_modules\firebase\README.md","9,2"
"README.md","node_modules\firebase-admin\README.md","3"
"changelog.md","node_modules\flat-cache\changelog.md","15,7"
"README.md","node_modules\flat-cache\README.md","3"
"README.md","node_modules\flatted\golang\README.md","1,1"
"README.md","node_modules\flatted\README.md","3,9"
"SECURITY.md","node_modules\for-each\.github\SECURITY.md","0,2"
"CHANGELOG.md","node_modules\for-each\CHANGELOG.md","8,7"
"README.md","node_modules\for-each\README.md","0,7"
"CHANGELOG.md","node_modules\form-data\CHANGELOG.md","48"
"README.md","node_modules\form-data\README.md","11,2"
"README.md","node_modules\formdata-polyfill\README.md","5,2"
"CHANGELOG.md","node_modules\function.prototype.name\CHANGELOG.md","10,9"
"README.md","node_modules\function.prototype.name\README.md","2,5"
"README.md","node_modules\functional-red-black-tree\README.md","7"
"SECURITY.md","node_modules\function-bind\.github\SECURITY.md","0,2"
"CHANGELOG.md","node_modules\function-bind\CHANGELOG.md","13,5"
"README.md","node_modules\function-bind\README.md","1,7"
"CHANGELOG.md","node_modules\functions-have-names\CHANGELOG.md","8"
"README.md","node_modules\functions-have-names\README.md","1,8"
"CHANGELOG.md","node_modules\gaxios\CHANGELOG.md","18,6"
"README.md","node_modules\gaxios\README.md","6,9"
"README.md","node_modules\gcp-metadata\node_modules\gaxios\README.md","7,8"
"LICENSE.md","node_modules\gcp-metadata\node_modules\node-fetch\LICENSE.md","1,1"
"README.md","node_modules\gcp-metadata\node_modules\node-fetch\README.md","28,4"
"README.md","node_modules\gcp-metadata\README.md","8,3"
"CHANGELOG.md","node_modules\generator-function\CHANGELOG.md","1,3"
"LICENSE.md","node_modules\generator-function\LICENSE.md","1"
"README.md","node_modules\generator-function\README.md","1,9"
"README.md","node_modules\gensync\README.md","5,2"
"LICENSE.md","node_modules\get-caller-file\LICENSE.md","0,7"
"README.md","node_modules\get-caller-file\README.md","1"
"CHANGELOG.md","node_modules\get-intrinsic\CHANGELOG.md","15,2"
"README.md","node_modules\get-intrinsic\README.md","2,7"
"CHANGELOG.md","node_modules\get-proto\CHANGELOG.md","1"
"README.md","node_modules\get-proto\README.md","1,8"
"CHANGELOG.md","node_modules\get-symbol-description\CHANGELOG.md","6,1"
"README.md","node_modules\get-symbol-description\README.md","2"
"README.md","node_modules\get-tsconfig\README.md","8,1"
"readme.md","node_modules\globals\readme.md","1,6"
"CHANGELOG.md","node_modules\globalthis\CHANGELOG.md","11,6"
"README.md","node_modules\globalthis\README.md","2,7"
"README.md","node_modules\glob-parent\README.md","4,1"
"README.md","node_modules\google-auth-library\node_modules\gaxios\README.md","7,8"
"LICENSE.md","node_modules\google-auth-library\node_modules\node-fetch\LICENSE.md","1,1"
"README.md","node_modules\google-auth-library\node_modules\node-fetch\README.md","28,4"
"README.md","node_modules\google-auth-library\README.md","83,8"
"README.md","node_modules\google-gax\node_modules\@grpc\grpc-js\node_modules\@grpc\proto-loader\README.md","7,1"
"README.md","node_modules\google-gax\node_modules\@grpc\grpc-js\README.md","4,4"
"CHANGELOG.md","node_modules\google-gax\node_modules\gcp-metadata\CHANGELOG.md","25"
"README.md","node_modules\google-gax\node_modules\gcp-metadata\README.md","8,3"
"CHANGELOG.md","node_modules\google-gax\node_modules\google-auth-library\CHANGELOG.md","89"
"README.md","node_modules\google-gax\node_modules\google-auth-library\README.md","79,5"
"README.md","node_modules\google-logging-utils\README.md","4,2"
"CHANGELOG.md","node_modules\gopd\CHANGELOG.md","3"
"README.md","node_modules\gopd\README.md","1,5"
"CHANGELOG.md","node_modules\gtoken\CHANGELOG.md","18,8"
"README.md","node_modules\gtoken\README.md","5,4"
"CHANGELOG.md","node_modules\has-bigints\CHANGELOG.md","7,6"
"README.md","node_modules\has-bigints\README.md","1,7"
"readme.md","node_modules\has-flag\readme.md","1,6"
"CHANGELOG.md","node_modules\hasown\CHANGELOG.md","4"
"README.md","node_modules\hasown\README.md","1,6"
"CHANGELOG.md","node_modules\has-property-descriptors\CHANGELOG.md","2,6"
"README.md","node_modules\has-property-descriptors\README.md","2,2"
"CHANGELOG.md","node_modules\has-proto\CHANGELOG.md","4,2"
"README.md","node_modules\has-proto\README.md","2"
"CHANGELOG.md","node_modules\has-symbols\CHANGELOG.md","9,2"
"README.md","node_modules\has-symbols\README.md","2"
"CHANGELOG.md","node_modules\has-tostringtag\CHANGELOG.md","3,5"
"README.md","node_modules\has-tostringtag\README.md","2,1"
"README.md","node_modules\hermes-estree\README.md","0,1"
"README.md","node_modules\hermes-parser\README.md","1,8"
"README.md","node_modules\html-entities\README.md","7"
"LICENSE.md","node_modules\http-parser-js\LICENSE.md","5,1"
"README.md","node_modules\http-parser-js\README.md","1,8"
"README.md","node_modules\http-proxy-agent\node_modules\agent-base\README.md","4,9"
"README.md","node_modules\http-proxy-agent\README.md","2,5"
"README.md","node_modules\https-proxy-agent\README.md","2,1"
"CHANGELOG.md","node_modules\idb\CHANGELOG.md","3"
"README.md","node_modules\idb\README.md","16,1"
"README.md","node_modules\ignore\README.md","11,5"
"readme.md","node_modules\import-fresh\readme.md","1,1"
"README.md","node_modules\imurmurhash\README.md","4,7"
"README.md","node_modules\inherits\README.md","1,6"
"CHANGELOG.md","node_modules\internal-slot\CHANGELOG.md","10,3"
"README.md","node_modules\internal-slot\README.md","2,3"
"README.md","node_modules\isarray\README.md","1,2"
"CHANGELOG.md","node_modules\is-array-buffer\CHANGELOG.md","6"
"README.md","node_modules\is-array-buffer\README.md","2,3"
"CHANGELOG.md","node_modules\is-async-function\CHANGELOG.md","12,7"
"README.md","node_modules\is-async-function\README.md","1,7"
"CHANGELOG.md","node_modules\is-bigint\CHANGELOG.md","8,9"
"README.md","node_modules\is-bigint\README.md","1,6"
"CHANGELOG.md","node_modules\is-boolean-object\CHANGELOG.md","15,7"
"README.md","node_modules\is-boolean-object\README.md","2,2"
"README.md","node_modules\is-bun-module\node_modules\semver\README.md","25,1"
"README.md","node_modules\is-bun-module\README.md","2,4"
"CHANGELOG.md","node_modules\is-callable\CHANGELOG.md","8,9"
"README.md","node_modules\is-callable\README.md","3,5"
"CHANGELOG.md","node_modules\is-core-module\CHANGELOG.md","17,3"
"README.md","node_modules\is-core-module\README.md","1,6"
"CHANGELOG.md","node_modules\is-data-view\CHANGELOG.md","2,6"
"README.md","node_modules\is-data-view\README.md","3,1"
"CHANGELOG.md","node_modules\is-date-object\CHANGELOG.md","15"
"README.md","node_modules\is-date-object\README.md","1,9"
"CHANGELOG.md","node_modules\is-document.all\CHANGELOG.md","0,5"
"README.md","node_modules\is-document.all\README.md","1,4"
"README.md","node_modules\isexe\README.md","1,4"
"README.md","node_modules\is-extglob\README.md","3,4"
"CHANGELOG.md","node_modules\is-finalizationregistry\CHANGELOG.md","8,2"
"README.md","node_modules\is-finalizationregistry\README.md","2,6"
"readme.md","node_modules\is-fullwidth-code-point\readme.md","0,8"
"CHANGELOG.md","node_modules\is-generator-function\CHANGELOG.md","25,5"
"README.md","node_modules\is-generator-function\README.md","1,7"
"README.md","node_modules\is-glob\README.md","7"
"CHANGELOG.md","node_modules\is-map\CHANGELOG.md","8,2"
"README.md","node_modules\is-map\README.md","1,8"
"CHANGELOG.md","node_modules\is-negative-zero\CHANGELOG.md","15,3"
"README.md","node_modules\is-negative-zero\README.md","2,2"
"README.md","node_modules\is-number\README.md","6,4"
"CHANGELOG.md","node_modules\is-number-object\CHANGELOG.md","15,6"
"README.md","node_modules\is-number-object\README.md","2,1"
"CHANGELOG.md","node_modules\is-regex\CHANGELOG.md","22,9"
"README.md","node_modules\is-regex\README.md","1,8"
"CHANGELOG.md","node_modules\is-set\CHANGELOG.md","7,6"
"README.md","node_modules\is-set\README.md","1,8"
"CHANGELOG.md","node_modules\is-shared-array-buffer\CHANGELOG.md","7,8"
"README.md","node_modules\is-shared-array-buffer\README.md","2,6"
"readme.md","node_modules\is-stream\readme.md","1,6"
"CHANGELOG.md","node_modules\is-string\CHANGELOG.md","14,2"
"README.md","node_modules\is-string\README.md","2,2"
"CHANGELOG.md","node_modules\is-symbol\CHANGELOG.md","16,1"
"README.md","node_modules\is-symbol\README.md","1,6"
"CHANGELOG.md","node_modules\is-typed-array\CHANGELOG.md","8,9"
"README.md","node_modules\is-typed-array\README.md","3"
"README.md","node_modules\is-unsafe\README.md","21,6"
"CHANGELOG.md","node_modules\is-weakmap\CHANGELOG.md","8"
"README.md","node_modules\is-weakmap\README.md","1,9"
"CHANGELOG.md","node_modules\is-weakref\CHANGELOG.md","8,1"
"README.md","node_modules\is-weakref\README.md","2"
"CHANGELOG.md","node_modules\is-weakset\CHANGELOG.md","10,3"
"README.md","node_modules\is-weakset\README.md","1,9"
"CHANGELOG.md","node_modules\iterator.prototype\CHANGELOG.md","4,8"
"README.md","node_modules\iterator.prototype\README.md","1,6"
"LICENSE.md","node_modules\jose\LICENSE.md","1,1"
"README.md","node_modules\jose\README.md","7,6"
"README.md","node_modules\jsesc\README.md","13,9"
"LICENSE.md","node_modules\json5\LICENSE.md","1,1"
"README.md","node_modules\json5\README.md","10,2"
"README.md","node_modules\json-bigint\README.md","8,6"
"README.md","node_modules\json-buffer\README.md","0,6"
"README.md","node_modules\json-schema-traverse\README.md","2,6"
"README.md","node_modules\jsonwebtoken\node_modules\semver\README.md","25,1"
"README.md","node_modules\jsonwebtoken\README.md","17,3"
"CHANGELOG.md","node_modules\js-tokens\CHANGELOG.md","4,4"
"README.md","node_modules\js-tokens\README.md","7,2"
"CHANGELOG.md","node_modules\jsx-ast-utils\CHANGELOG.md","8,9"
"LICENSE.md","node_modules\jsx-ast-utils\LICENSE.md","1,1"
"README.md","node_modules\jsx-ast-utils\README.md","8,9"
"README.md","node_modules\js-yaml\README.md","7,8"
"README.md","node_modules\jwa\README.md","5,2"
"README.md","node_modules\jwks-rsa\README.md","3,4"
"CHANGELOG.md","node_modules\jws\CHANGELOG.md","2"
"readme.md","node_modules\jws\readme.md","6,8"
"README.md","node_modules\keyv\README.md","15,3"
"README.md","node_modules\language-subtag-registry\README.md","1,6"
"README.md","node_modules\language-tags\README.md","8,2"
"README.md","node_modules\levn\README.md","10,2"
"README.md","node_modules\limiter\README.md","5,3"
"readme.md","node_modules\locate-path\readme.md","2,2"
"README.md","node_modules\lodash.camelcase\README.md","0,5"
"README.md","node_modules\lodash.clonedeep\README.md","0,5"
"README.md","node_modules\lodash.includes\README.md","0,5"
"README.md","node_modules\lodash.isboolean\README.md","0,5"
"README.md","node_modules\lodash.isinteger\README.md","0,5"
"README.md","node_modules\lodash.isnumber\README.md","0,5"
"README.md","node_modules\lodash.isplainobject\README.md","0,5"
"README.md","node_modules\lodash.isstring\README.md","0,5"
"README.md","node_modules\lodash.merge\README.md","0,4"
"README.md","node_modules\lodash.once\README.md","0,4"
"README.md","node_modules\long\README.md","10,9"
"README.md","node_modules\loose-envify\README.md","1"
"README.md","node_modules\lru-cache\README.md","5,8"
"README.md","node_modules\lru-memoizer\node_modules\lru-cache\README.md","5,8"
"README.md","node_modules\lru-memoizer\node_modules\yallist\README.md","4,6"
"README.md","node_modules\lru-memoizer\README.md","2,2"
"CHANGELOG.md","node_modules\math-intrinsics\CHANGELOG.md","1,4"
"README.md","node_modules\math-intrinsics\README.md","1,8"
"README.md","node_modules\merge2\README.md","3,7"
"README.md","node_modules\micromatch\README.md","38"
"CHANGELOG.md","node_modules\mime\CHANGELOG.md","12,7"
"README.md","node_modules\mime\README.md","5"
"HISTORY.md","node_modules\mime-db\HISTORY.md","12,3"
"README.md","node_modules\mime-db\README.md","4"
"HISTORY.md","node_modules\mime-types\HISTORY.md","8,6"
"README.md","node_modules\mime-types\README.md","3,4"
"README.md","node_modules\minimatch\README.md","8,5"
"CHANGELOG.md","node_modules\minimist\CHANGELOG.md","21"
"README.md","node_modules\minimist\README.md","3,5"
"license.md","node_modules\ms\license.md","1,1"
"readme.md","node_modules\ms\readme.md","1,8"
"README.md","node_modules\nanoid\README.md","1,4"
"README.md","node_modules\napi-postinstall\README.md","6,6"
"README.md","node_modules\natural-compare\README.md","3,3"
"README.md","node_modules\next\dist\compiled\@babel\runtime\README.md","0,3"
"README.md","node_modules\next\dist\compiled\react-is\README.md","2,3"
"README.md","node_modules\next\dist\compiled\react-refresh\README.md","0,6"
"README.md","node_modules\next\dist\compiled\regenerator-runtime\README.md","0,7"
"01-installation.md","node_modules\next\dist\docs\01-app\01-getting-started\01-installation.md","12,7"
"02-project-structure.md","node_modules\next\dist\docs\01-app\01-getting-started\02-project-structure.md","26,4"
"03-layouts-and-pages.md","node_modules\next\dist\docs\01-app\01-getting-started\03-layouts-and-pages.md","12,1"
"04-linking-and-navigating.md","node_modules\next\dist\docs\01-app\01-getting-started\04-linking-and-navigating.md","16,7"
"05-server-and-client-components.md","node_modules\next\dist\docs\01-app\01-getting-started\05-server-and-client-components.md","18,6"
"06-fetching-data.md","node_modules\next\dist\docs\01-app\01-getting-started\06-fetching-data.md","22,1"
"07-mutating-data.md","node_modules\next\dist\docs\01-app\01-getting-started\07-mutating-data.md","16,9"
"08-caching.md","node_modules\next\dist\docs\01-app\01-getting-started\08-caching.md","15,9"
"09-revalidating.md","node_modules\next\dist\docs\01-app\01-getting-started\09-revalidating.md","8,3"
"10-error-handling.md","node_modules\next\dist\docs\01-app\01-getting-started\10-error-handling.md","12"
"11-css.md","node_modules\next\dist\docs\01-app\01-getting-started\11-css.md","12,1"
"12-images.md","node_modules\next\dist\docs\01-app\01-getting-started\12-images.md","7,1"
"13-fonts.md","node_modules\next\dist\docs\01-app\01-getting-started\13-fonts.md","8,5"
"14-metadata-and-og-images.md","node_modules\next\dist\docs\01-app\01-getting-started\14-metadata-and-og-images.md","12"
"15-route-handlers.md","node_modules\next\dist\docs\01-app\01-getting-started\15-route-handlers.md","8"
"16-proxy.md","node_modules\next\dist\docs\01-app\01-getting-started\16-proxy.md","3,4"
"17-deploying.md","node_modules\next\dist\docs\01-app\01-getting-started\17-deploying.md","6,4"
"18-upgrading.md","node_modules\next\dist\docs\01-app\01-getting-started\18-upgrading.md","2,1"
"index.md","node_modules\next\dist\docs\01-app\01-getting-started\index.md","0,7"
"ai-agents.md","node_modules\next\dist\docs\01-app\02-guides\ai-agents.md","4"
"analytics.md","node_modules\next\dist\docs\01-app\02-guides\analytics.md","6,8"
"authentication.md","node_modules\next\dist\docs\01-app\02-guides\authentication.md","54,5"
"backend-for-frontend.md","node_modules\next\dist\docs\01-app\02-guides\backend-for-frontend.md","28,9"
"caching-without-cache-components.md","node_modules\next\dist\docs\01-app\02-guides\caching-without-cache-components.md","15,4"
"cdn-caching.md","node_modules\next\dist\docs\01-app\02-guides\cdn-caching.md","9,5"
"ci-build-caching.md","node_modules\next\dist\docs\01-app\02-guides\ci-build-caching.md","4,8"
"content-security-policy.md","node_modules\next\dist\docs\01-app\02-guides\content-security-policy.md","20,6"
"css-in-js.md","node_modules\next\dist\docs\01-app\02-guides\css-in-js.md","10,7"
"custom-server.md","node_modules\next\dist\docs\01-app\02-guides\custom-server.md","5,5"
"data-security.md","node_modules\next\dist\docs\01-app\02-guides\data-security.md","23,3"
"debugging.md","node_modules\next\dist\docs\01-app\02-guides\debugging.md","8,2"
"deploying-to-platforms.md","node_modules\next\dist\docs\01-app\02-guides\deploying-to-platforms.md","9,5"
"draft-mode.md","node_modules\next\dist\docs\01-app\02-guides\draft-mode.md","12,8"
"environment-variables.md","node_modules\next\dist\docs\01-app\02-guides\environment-variables.md","11,2"
"forms.md","node_modules\next\dist\docs\01-app\02-guides\forms.md","14,3"
"how-revalidation-works.md","node_modules\next\dist\docs\01-app\02-guides\how-revalidation-works.md","9"
"incremental-static-regeneration.md","node_modules\next\dist\docs\01-app\02-guides\incremental-static-regeneration.md","20,5"
"index.md","node_modules\next\dist\docs\01-app\02-guides\index.md","0,1"
"instant-navigation.md","node_modules\next\dist\docs\01-app\02-guides\instant-navigation.md","12,6"
"instrumentation.md","node_modules\next\dist\docs\01-app\02-guides\instrumentation.md","4,1"
"internationalization.md","node_modules\next\dist\docs\01-app\02-guides\internationalization.md","8,1"
"json-ld.md","node_modules\next\dist\docs\01-app\02-guides\json-ld.md","3,2"
"lazy-loading.md","node_modules\next\dist\docs\01-app\02-guides\lazy-loading.md","10,4"
"local-development.md","node_modules\next\dist\docs\01-app\02-guides\local-development.md","10,9"
"mcp.md","node_modules\next\dist\docs\01-app\02-guides\mcp.md","7,1"
"mdx.md","node_modules\next\dist\docs\01-app\02-guides\mdx.md","23,1"
"memory-usage.md","node_modules\next\dist\docs\01-app\02-guides\memory-usage.md","7,7"
"app-router-migration.md","node_modules\next\dist\docs\01-app\02-guides\migrating\app-router-migration.md","37"
"from-create-react-app.md","node_modules\next\dist\docs\01-app\02-guides\migrating\from-create-react-app.md","21,5"
"from-vite.md","node_modules\next\dist\docs\01-app\02-guides\migrating\from-vite.md","22,1"
"index.md","node_modules\next\dist\docs\01-app\02-guides\migrating\index.md","0,1"
"migrating-to-cache-components.md","node_modules\next\dist\docs\01-app\02-guides\migrating-to-cache-components.md","25,3"
"multi-tenant.md","node_modules\next\dist\docs\01-app\02-guides\multi-tenant.md","0,4"
"multi-zones.md","node_modules\next\dist\docs\01-app\02-guides\multi-zones.md","7"
"open-telemetry.md","node_modules\next\dist\docs\01-app\02-guides\open-telemetry.md","14,8"
"package-bundling.md","node_modules\next\dist\docs\01-app\02-guides\package-bundling.md","10,7"
"ppr-platform-guide.md","node_modules\next\dist\docs\01-app\02-guides\ppr-platform-guide.md","7,2"
"prefetching.md","node_modules\next\dist\docs\01-app\02-guides\prefetching.md","12"
"preserving-ui-state.md","node_modules\next\dist\docs\01-app\02-guides\preserving-ui-state.md","18,6"
"preventing-flash-before-hydration.md","node_modules\next\dist\docs\01-app\02-guides\preventing-flash-before-hydration.md","18,1"
"production-checklist.md","node_modules\next\dist\docs\01-app\02-guides\production-checklist.md","13,1"
"progressive-web-apps.md","node_modules\next\dist\docs\01-app\02-guides\progressive-web-apps.md","21"
"public-static-pages.md","node_modules\next\dist\docs\01-app\02-guides\public-static-pages.md","9"
"redirecting.md","node_modules\next\dist\docs\01-app\02-guides\redirecting.md","21,4"
"rendering-philosophy.md","node_modules\next\dist\docs\01-app\02-guides\rendering-philosophy.md","7,7"
"sass.md","node_modules\next\dist\docs\01-app\02-guides\sass.md","3,2"
"scripts.md","node_modules\next\dist\docs\01-app\02-guides\scripts.md","11,9"
"self-hosting.md","node_modules\next\dist\docs\01-app\02-guides\self-hosting.md","19,5"
"server-actions.md","node_modules\next\dist\docs\01-app\02-guides\server-actions.md","12,4"
"single-page-applications.md","node_modules\next\dist\docs\01-app\02-guides\single-page-applications.md","15,7"
"static-exports.md","node_modules\next\dist\docs\01-app\02-guides\static-exports.md","12,2"
"streaming.md","node_modules\next\dist\docs\01-app\02-guides\streaming.md","34,7"
"tailwind-v3-css.md","node_modules\next\dist\docs\01-app\02-guides\tailwind-v3-css.md","3,9"
"cypress.md","node_modules\next\dist\docs\01-app\02-guides\testing\cypress.md","8,5"
"index.md","node_modules\next\dist\docs\01-app\02-guides\testing\index.md","1,8"
"jest.md","node_modules\next\dist\docs\01-app\02-guides\testing\jest.md","13,3"
"playwright.md","node_modules\next\dist\docs\01-app\02-guides\testing\playwright.md","4,7"
"vitest.md","node_modules\next\dist\docs\01-app\02-guides\testing\vitest.md","6,1"
"third-party-libraries.md","node_modules\next\dist\docs\01-app\02-guides\third-party-libraries.md","16,7"
"codemods.md","node_modules\next\dist\docs\01-app\02-guides\upgrading\codemods.md","16,9"
"index.md","node_modules\next\dist\docs\01-app\02-guides\upgrading\index.md","0,2"
"version-14.md","node_modules\next\dist\docs\01-app\02-guides\upgrading\version-14.md","1,8"
"version-15.md","node_modules\next\dist\docs\01-app\02-guides\upgrading\version-15.md","16,7"
"version-16.md","node_modules\next\dist\docs\01-app\02-guides\upgrading\version-16.md","39,2"
"videos.md","node_modules\next\dist\docs\01-app\02-guides\videos.md","16,2"
"view-transitions.md","node_modules\next\dist\docs\01-app\02-guides\view-transitions.md","16,3"
"index.md","node_modules\next\dist\docs\01-app\03-api-reference\01-directives\index.md","0,1"
"use-cache.md","node_modules\next\dist\docs\01-app\03-api-reference\01-directives\use-cache.md","22,7"
"use-cache-private.md","node_modules\next\dist\docs\01-app\03-api-reference\01-directives\use-cache-private.md","6,3"
"use-cache-remote.md","node_modules\next\dist\docs\01-app\03-api-reference\01-directives\use-cache-remote.md","22"
"use-client.md","node_modules\next\dist\docs\01-app\03-api-reference\01-directives\use-client.md","3,7"
"use-server.md","node_modules\next\dist\docs\01-app\03-api-reference\01-directives\use-server.md","6,5"
"font.md","node_modules\next\dist\docs\01-app\03-api-reference\02-components\font.md","30,4"
"form.md","node_modules\next\dist\docs\01-app\03-api-reference\02-components\form.md","14"
"image.md","node_modules\next\dist\docs\01-app\03-api-reference\02-components\image.md","59,3"
"index.md","node_modules\next\dist\docs\01-app\03-api-reference\02-components\index.md","0,3"
"link.md","node_modules\next\dist\docs\01-app\03-api-reference\02-components\link.md","35,8"
"script.md","node_modules\next\dist\docs\01-app\03-api-reference\02-components\script.md","13"
"app-icons.md","node_modules\next\dist\docs\01-app\03-api-reference\03-file-conventions\01-metadata\app-icons.md","9,2"
"index.md","node_modules\next\dist\docs\01-app\03-api-reference\03-file-conventions\01-metadata\index.md","1,3"
"manifest.md","node_modules\next\dist\docs\01-app\03-api-reference\03-file-conventions\01-metadata\manifest.md","2,2"
"opengraph-image.md","node_modules\next\dist\docs\01-app\03-api-reference\03-file-conventions\01-metadata\opengraph-image.md","16,3"
"robots.md","node_modules\next\dist\docs\01-app\03-api-reference\03-file-conventions\01-metadata\robots.md","3,1"
"sitemap.md","node_modules\next\dist\docs\01-app\03-api-reference\03-file-conventions\01-metadata\sitemap.md","11,4"
"dynamicParams.md","node_modules\next\dist\docs\01-app\03-api-reference\03-file-conventions\02-route-segment-config\dynamicParams.md","1"
"index.md","node_modules\next\dist\docs\01-app\03-api-reference\03-file-conventions\02-route-segment-config\index.md","3"
"instant.md","node_modules\next\dist\docs\01-app\03-api-reference\03-file-conventions\02-route-segment-config\instant.md","4,5"
"maxDuration.md","node_modules\next\dist\docs\01-app\03-api-reference\03-file-conventions\02-route-segment-config\maxDuration.md","0,8"
"preferredRegion.md","node_modules\next\dist\docs\01-app\03-api-reference\03-file-conventions\02-route-segment-config\preferredRegion.md","1,6"
"runtime.md","node_modules\next\dist\docs\01-app\03-api-reference\03-file-conventions\02-route-segment-config\runtime.md","0,6"
"default.md","node_modules\next\dist\docs\01-app\03-api-reference\03-file-conventions\default.md","3,4"
"dynamic-routes.md","node_modules\next\dist\docs\01-app\03-api-reference\03-file-conventions\dynamic-routes.md","14,4"
"error.md","node_modules\next\dist\docs\01-app\03-api-reference\03-file-conventions\error.md","10,6"
"forbidden.md","node_modules\next\dist\docs\01-app\03-api-reference\03-file-conventions\forbidden.md","1,2"
"index.md","node_modules\next\dist\docs\01-app\03-api-reference\03-file-conventions\index.md","0,1"
"instrumentation.md","node_modules\next\dist\docs\01-app\03-api-reference\03-file-conventions\instrumentation.md","5"
"instrumentation-client.md","node_modules\next\dist\docs\01-app\03-api-reference\03-file-conventions\instrumentation-client.md","6,3"
"intercepting-routes.md","node_modules\next\dist\docs\01-app\03-api-reference\03-file-conventions\intercepting-routes.md","3,8"
"layout.md","node_modules\next\dist\docs\01-app\03-api-reference\03-file-conventions\layout.md","20,5"
"loading.md","node_modules\next\dist\docs\01-app\03-api-reference\03-file-conventions\loading.md","10"
"mdx-components.md","node_modules\next\dist\docs\01-app\03-api-reference\03-file-conventions\mdx-components.md","1,5"
"not-found.md","node_modules\next\dist\docs\01-app\03-api-reference\03-file-conventions\not-found.md","7,5"
"page.md","node_modules\next\dist\docs\01-app\03-api-reference\03-file-conventions\page.md","8,3"
"parallel-routes.md","node_modules\next\dist\docs\01-app\03-api-reference\03-file-conventions\parallel-routes.md","14,8"
"proxy.md","node_modules\next\dist\docs\01-app\03-api-reference\03-file-conventions\proxy.md","29,2"
"public-folder.md","node_modules\next\dist\docs\01-app\03-api-reference\03-file-conventions\public-folder.md","1,8"
"route.md","node_modules\next\dist\docs\01-app\03-api-reference\03-file-conventions\route.md","19,5"
"route-groups.md","node_modules\next\dist\docs\01-app\03-api-reference\03-file-conventions\route-groups.md","1,6"
"src-folder.md","node_modules\next\dist\docs\01-app\03-api-reference\03-file-conventions\src-folder.md","2"
"template.md","node_modules\next\dist\docs\01-app\03-api-reference\03-file-conventions\template.md","5,1"
"unauthorized.md","node_modules\next\dist\docs\01-app\03-api-reference\03-file-conventions\unauthorized.md","2,5"
"after.md","node_modules\next\dist\docs\01-app\03-api-reference\04-functions\after.md","11"
"cacheLife.md","node_modules\next\dist\docs\01-app\03-api-reference\04-functions\cacheLife.md","19,5"
"cacheTag.md","node_modules\next\dist\docs\01-app\03-api-reference\04-functions\cacheTag.md","5,4"
"catchError.md","node_modules\next\dist\docs\01-app\03-api-reference\04-functions\catchError.md","8,6"
"connection.md","node_modules\next\dist\docs\01-app\03-api-reference\04-functions\connection.md","2,6"
"cookies.md","node_modules\next\dist\docs\01-app\03-api-reference\04-functions\cookies.md","11,8"
"draft-mode.md","node_modules\next\dist\docs\01-app\03-api-reference\04-functions\draft-mode.md","5,3"
"fetch.md","node_modules\next\dist\docs\01-app\03-api-reference\04-functions\fetch.md","5,7"
"forbidden.md","node_modules\next\dist\docs\01-app\03-api-reference\04-functions\forbidden.md","4,4"
"generate-image-metadata.md","node_modules\next\dist\docs\01-app\03-api-reference\04-functions\generate-image-metadata.md","7,3"
"generate-metadata.md","node_modules\next\dist\docs\01-app\03-api-reference\04-functions\generate-metadata.md","47"
"generate-sitemaps.md","node_modules\next\dist\docs\01-app\03-api-reference\04-functions\generate-sitemaps.md","3,1"
"generate-static-params.md","node_modules\next\dist\docs\01-app\03-api-reference\04-functions\generate-static-params.md","17,6"
"generate-viewport.md","node_modules\next\dist\docs\01-app\03-api-reference\04-functions\generate-viewport.md","8,1"
"headers.md","node_modules\next\dist\docs\01-app\03-api-reference\04-functions\headers.md","3,8"
"image-response.md","node_modules\next\dist\docs\01-app\03-api-reference\04-functions\image-response.md","5,6"
"index.md","node_modules\next\dist\docs\01-app\03-api-reference\04-functions\index.md","0,3"
"next-request.md","node_modules\next\dist\docs\01-app\03-api-reference\04-functions\next-request.md","6,1"
"next-response.md","node_modules\next\dist\docs\01-app\03-api-reference\04-functions\next-response.md","6,4"
"not-found.md","node_modules\next\dist\docs\01-app\03-api-reference\04-functions\not-found.md","1,4"
"permanentRedirect.md","node_modules\next\dist\docs\01-app\03-api-reference\04-functions\permanentRedirect.md","3,1"
"redirect.md","node_modules\next\dist\docs\01-app\03-api-reference\04-functions\redirect.md","7,7"
"refresh.md","node_modules\next\dist\docs\01-app\03-api-reference\04-functions\refresh.md","1,3"
"revalidatePath.md","node_modules\next\dist\docs\01-app\03-api-reference\04-functions\revalidatePath.md","7,8"
"revalidateTag.md","node_modules\next\dist\docs\01-app\03-api-reference\04-functions\revalidateTag.md","5,8"
"unauthorized.md","node_modules\next\dist\docs\01-app\03-api-reference\04-functions\unauthorized.md","5,6"
"unstable_cache.md","node_modules\next\dist\docs\01-app\03-api-reference\04-functions\unstable_cache.md","3,5"
"unstable_noStore.md","node_modules\next\dist\docs\01-app\03-api-reference\04-functions\unstable_noStore.md","1,7"
"unstable_rethrow.md","node_modules\next\dist\docs\01-app\03-api-reference\04-functions\unstable_rethrow.md","2,9"
"updateTag.md","node_modules\next\dist\docs\01-app\03-api-reference\04-functions\updateTag.md","4,9"
"use-link-status.md","node_modules\next\dist\docs\01-app\03-api-reference\04-functions\use-link-status.md","6,7"
"use-params.md","node_modules\next\dist\docs\01-app\03-api-reference\04-functions\use-params.md","2,4"
"use-pathname.md","node_modules\next\dist\docs\01-app\03-api-reference\04-functions\use-pathname.md","5,7"
"userAgent.md","node_modules\next\dist\docs\01-app\03-api-reference\04-functions\userAgent.md","3,1"
"use-report-web-vitals.md","node_modules\next\dist\docs\01-app\03-api-reference\04-functions\use-report-web-vitals.md","8,1"
"use-router.md","node_modules\next\dist\docs\01-app\03-api-reference\04-functions\use-router.md","6,8"
"use-search-params.md","node_modules\next\dist\docs\01-app\03-api-reference\04-functions\use-search-params.md","13,6"
"use-selected-layout-segment.md","node_modules\next\dist\docs\01-app\03-api-reference\04-functions\use-selected-layout-segment.md","6,1"
"use-selected-layout-segments.md","node_modules\next\dist\docs\01-app\03-api-reference\04-functions\use-selected-layout-segments.md","3,8"
"adapterPath.md","node_modules\next\dist\docs\01-app\03-api-reference\05-config\01-next-config-js\adapterPath.md","2,6"
"allowedDevOrigins.md","node_modules\next\dist\docs\01-app\03-api-reference\05-config\01-next-config-js\allowedDevOrigins.md","1"
"appDir.md","node_modules\next\dist\docs\01-app\03-api-reference\05-config\01-next-config-js\appDir.md","0,8"
"assetPrefix.md","node_modules\next\dist\docs\01-app\03-api-reference\05-config\01-next-config-js\assetPrefix.md","3,5"
"authInterrupts.md","node_modules\next\dist\docs\01-app\03-api-reference\05-config\01-next-config-js\authInterrupts.md","1"
"basePath.md","node_modules\next\dist\docs\01-app\03-api-reference\05-config\01-next-config-js\basePath.md","2,1"
"cacheComponents.md","node_modules\next\dist\docs\01-app\03-api-reference\05-config\01-next-config-js\cacheComponents.md","3,7"
"cacheHandlers.md","node_modules\next\dist\docs\01-app\03-api-reference\05-config\01-next-config-js\cacheHandlers.md","19,4"
"cacheLife.md","node_modules\next\dist\docs\01-app\03-api-reference\05-config\01-next-config-js\cacheLife.md","2,9"
"compress.md","node_modules\next\dist\docs\01-app\03-api-reference\05-config\01-next-config-js\compress.md","1,6"
"crossOrigin.md","node_modules\next\dist\docs\01-app\03-api-reference\05-config\01-next-config-js\crossOrigin.md","1,2"
"cssChunking.md","node_modules\next\dist\docs\01-app\03-api-reference\05-config\01-next-config-js\cssChunking.md","2"
"deploymentId.md","node_modules\next\dist\docs\01-app\03-api-reference\05-config\01-next-config-js\deploymentId.md","3,4"
"devIndicators.md","node_modules\next\dist\docs\01-app\03-api-reference\05-config\01-next-config-js\devIndicators.md","3,4"
"distDir.md","node_modules\next\dist\docs\01-app\03-api-reference\05-config\01-next-config-js\distDir.md","0,8"
"env.md","node_modules\next\dist\docs\01-app\03-api-reference\05-config\01-next-config-js\env.md","2,3"
"expireTime.md","node_modules\next\dist\docs\01-app\03-api-reference\05-config\01-next-config-js\expireTime.md","1"
"exportPathMap.md","node_modules\next\dist\docs\01-app\03-api-reference\05-config\01-next-config-js\exportPathMap.md","4,2"
"generateBuildId.md","node_modules\next\dist\docs\01-app\03-api-reference\05-config\01-next-config-js\generateBuildId.md","0,9"
"generateEtags.md","node_modules\next\dist\docs\01-app\03-api-reference\05-config\01-next-config-js\generateEtags.md","0,7"
"headers.md","node_modules\next\dist\docs\01-app\03-api-reference\05-config\01-next-config-js\headers.md","17,9"
"htmlLimitedBots.md","node_modules\next\dist\docs\01-app\03-api-reference\05-config\01-next-config-js\htmlLimitedBots.md","1,9"
"httpAgentOptions.md","node_modules\next\dist\docs\01-app\03-api-reference\05-config\01-next-config-js\httpAgentOptions.md","0,9"
"images.md","node_modules\next\dist\docs\01-app\03-api-reference\05-config\01-next-config-js\images.md","8,6"
"incrementalCacheHandlerPath.md","node_modules\next\dist\docs\01-app\03-api-reference\05-config\01-next-config-js\incrementalCacheHandlerPath.md","5,2"
"index.md","node_modules\next\dist\docs\01-app\03-api-reference\05-config\01-next-config-js\index.md","4,6"
"inlineCss.md","node_modules\next\dist\docs\01-app\03-api-reference\05-config\01-next-config-js\inlineCss.md","3,6"
"logging.md","node_modules\next\dist\docs\01-app\03-api-reference\05-config\01-next-config-js\logging.md","4,9"
"mdxRs.md","node_modules\next\dist\docs\01-app\03-api-reference\05-config\01-next-config-js\mdxRs.md","0,5"
"onDemandEntries.md","node_modules\next\dist\docs\01-app\03-api-reference\05-config\01-next-config-js\onDemandEntries.md","0,9"
"optimizePackageImports.md","node_modules\next\dist\docs\01-app\03-api-reference\05-config\01-next-config-js\optimizePackageImports.md","1,4"
"output.md","node_modules\next\dist\docs\01-app\03-api-reference\05-config\01-next-config-js\output.md","6,8"
"pageExtensions.md","node_modules\next\dist\docs\01-app\03-api-reference\05-config\01-next-config-js\pageExtensions.md","2"
"poweredByHeader.md","node_modules\next\dist\docs\01-app\03-api-reference\05-config\01-next-config-js\poweredByHeader.md","0,6"
"productionBrowserSourceMaps.md","node_modules\next\dist\docs\01-app\03-api-reference\05-config\01-next-config-js\productionBrowserSourceMaps.md","1,1"
"proxyClientMaxBodySize.md","node_modules\next\dist\docs\01-app\03-api-reference\05-config\01-next-config-js\proxyClientMaxBodySize.md","3,3"
"reactCompiler.md","node_modules\next\dist\docs\01-app\03-api-reference\05-config\01-next-config-js\reactCompiler.md","2,7"
"reactMaxHeadersLength.md","node_modules\next\dist\docs\01-app\03-api-reference\05-config\01-next-config-js\reactMaxHeadersLength.md","0,9"
"reactStrictMode.md","node_modules\next\dist\docs\01-app\03-api-reference\05-config\01-next-config-js\reactStrictMode.md","1,3"
"redirects.md","node_modules\next\dist\docs\01-app\03-api-reference\05-config\01-next-config-js\redirects.md","12,6"
"rewrites.md","node_modules\next\dist\docs\01-app\03-api-reference\05-config\01-next-config-js\rewrites.md","16,6"
"sassOptions.md","node_modules\next\dist\docs\01-app\03-api-reference\05-config\01-next-config-js\sassOptions.md","1,1"
"serverActions.md","node_modules\next\dist\docs\01-app\03-api-reference\05-config\01-next-config-js\serverActions.md","2"
"serverComponentsHmrCache.md","node_modules\next\dist\docs\01-app\03-api-reference\05-config\01-next-config-js\serverComponentsHmrCache.md","1,4"
"serverExternalPackages.md","node_modules\next\dist\docs\01-app\03-api-reference\05-config\01-next-config-js\serverExternalPackages.md","2,6"
"staleTimes.md","node_modules\next\dist\docs\01-app\03-api-reference\05-config\01-next-config-js\staleTimes.md","2"
"staticGeneration.md","node_modules\next\dist\docs\01-app\03-api-reference\05-config\01-next-config-js\staticGeneration.md","1,1"
"taint.md","node_modules\next\dist\docs\01-app\03-api-reference\05-config\01-next-config-js\taint.md","6,4"
"trailingSlash.md","node_modules\next\dist\docs\01-app\03-api-reference\05-config\01-next-config-js\trailingSlash.md","1,5"
"transpilePackages.md","node_modules\next\dist\docs\01-app\03-api-reference\05-config\01-next-config-js\transpilePackages.md","2,7"
"turbopack.md","node_modules\next\dist\docs\01-app\03-api-reference\05-config\01-next-config-js\turbopack.md","17,8"
"turbopackFileSystemCache.md","node_modules\next\dist\docs\01-app\03-api-reference\05-config\01-next-config-js\turbopackFileSystemCache.md","1,6"
"turbopackIgnoreIssue.md","node_modules\next\dist\docs\01-app\03-api-reference\05-config\01-next-config-js\turbopackIgnoreIssue.md","4,6"
"turbopackLocalPostcssConfig.md","node_modules\next\dist\docs\01-app\03-api-reference\05-config\01-next-config-js\turbopackLocalPostcssConfig.md","2,3"
"typedRoutes.md","node_modules\next\dist\docs\01-app\03-api-reference\05-config\01-next-config-js\typedRoutes.md","0,5"
"typescript.md","node_modules\next\dist\docs\01-app\03-api-reference\05-config\01-next-config-js\typescript.md","2,2"
"urlImports.md","node_modules\next\dist\docs\01-app\03-api-reference\05-config\01-next-config-js\urlImports.md","2,8"
"useLightningcss.md","node_modules\next\dist\docs\01-app\03-api-reference\05-config\01-next-config-js\useLightningcss.md","6,7"
"viewTransition.md","node_modules\next\dist\docs\01-app\03-api-reference\05-config\01-next-config-js\viewTransition.md","1,6"
"webpack.md","node_modules\next\dist\docs\01-app\03-api-reference\05-config\01-next-config-js\webpack.md","3,2"
"webVitalsAttribution.md","node_modules\next\dist\docs\01-app\03-api-reference\05-config\01-next-config-js\webVitalsAttribution.md","1,9"
"02-typescript.md","node_modules\next\dist\docs\01-app\03-api-reference\05-config\02-typescript.md","20,8"
"03-eslint.md","node_modules\next\dist\docs\01-app\03-api-reference\05-config\03-eslint.md","17,8"
"index.md","node_modules\next\dist\docs\01-app\03-api-reference\05-config\index.md","0,1"
"create-next-app.md","node_modules\next\dist\docs\01-app\03-api-reference\06-cli\create-next-app.md","7,5"
"index.md","node_modules\next\dist\docs\01-app\03-api-reference\06-cli\index.md","0,7"
"next.md","node_modules\next\dist\docs\01-app\03-api-reference\06-cli\next.md","25,6"
"01-configuration.md","node_modules\next\dist\docs\01-app\03-api-reference\07-adapters\01-configuration.md","0,5"
"02-creating-an-adapter.md","node_modules\next\dist\docs\01-app\03-api-reference\07-adapters\02-creating-an-adapter.md","2,9"
"03-api-reference.md","node_modules\next\dist\docs\01-app\03-api-reference\07-adapters\03-api-reference.md","1,9"
"04-testing-adapters.md","node_modules\next\dist\docs\01-app\03-api-reference\07-adapters\04-testing-adapters.md","7,2"
"05-routing-with-next-routing.md","node_modules\next\dist\docs\01-app\03-api-reference\07-adapters\05-routing-with-next-routing.md","2,2"
"06-implementing-ppr-in-an-adapter.md","node_modules\next\dist\docs\01-app\03-api-reference\07-adapters\06-implementing-ppr-in-an-adapter.md","3,6"
"07-runtime-integration.md","node_modules\next\dist\docs\01-app\03-api-reference\07-adapters\07-runtime-integration.md","2,7"
"08-invoking-entrypoints.md","node_modules\next\dist\docs\01-app\03-api-reference\07-adapters\08-invoking-entrypoints.md","3,7"
"09-output-types.md","node_modules\next\dist\docs\01-app\03-api-reference\07-adapters\09-output-types.md","8,5"
"10-routing-information.md","node_modules\next\dist\docs\01-app\03-api-reference\07-adapters\10-routing-information.md","1,3"
"11-use-cases.md","node_modules\next\dist\docs\01-app\03-api-reference\07-adapters\11-use-cases.md","0,6"
"index.md","node_modules\next\dist\docs\01-app\03-api-reference\07-adapters\index.md","1"
"07-edge.md","node_modules\next\dist\docs\01-app\03-api-reference\07-edge.md","28,6"
"08-turbopack.md","node_modules\next\dist\docs\01-app\03-api-reference\08-turbopack.md","28"
"index.md","node_modules\next\dist\docs\01-app\03-api-reference\index.md","0,1"
"04-glossary.md","node_modules\next\dist\docs\01-app\04-glossary.md","20,4"
"index.md","node_modules\next\dist\docs\01-app\index.md","0,9"
"01-installation.md","node_modules\next\dist\docs\02-pages\01-getting-started\01-installation.md","0,6"
"02-project-structure.md","node_modules\next\dist\docs\02-pages\01-getting-started\02-project-structure.md","0,6"
"04-images.md","node_modules\next\dist\docs\02-pages\01-getting-started\04-images.md","0,6"
"05-fonts.md","node_modules\next\dist\docs\02-pages\01-getting-started\05-fonts.md","0,6"
"06-css.md","node_modules\next\dist\docs\02-pages\01-getting-started\06-css.md","0,7"
"11-deploying.md","node_modules\next\dist\docs\02-pages\01-getting-started\11-deploying.md","0,2"
"index.md","node_modules\next\dist\docs\02-pages\01-getting-started\index.md","0,2"
"analytics.md","node_modules\next\dist\docs\02-pages\02-guides\analytics.md","0,5"
"authentication.md","node_modules\next\dist\docs\02-pages\02-guides\authentication.md","0,6"
"babel.md","node_modules\next\dist\docs\02-pages\02-guides\babel.md","2,1"
"ci-build-caching.md","node_modules\next\dist\docs\02-pages\02-guides\ci-build-caching.md","0,5"
"content-security-policy.md","node_modules\next\dist\docs\02-pages\02-guides\content-security-policy.md","0,6"
"css-in-js.md","node_modules\next\dist\docs\02-pages\02-guides\css-in-js.md","0,5"
"custom-server.md","node_modules\next\dist\docs\02-pages\02-guides\custom-server.md","0,5"
"debugging.md","node_modules\next\dist\docs\02-pages\02-guides\debugging.md","0,5"
"draft-mode.md","node_modules\next\dist\docs\02-pages\02-guides\draft-mode.md","8"
"environment-variables.md","node_modules\next\dist\docs\02-pages\02-guides\environment-variables.md","0,5"
"forms.md","node_modules\next\dist\docs\02-pages\02-guides\forms.md","8,7"
"incremental-static-regeneration.md","node_modules\next\dist\docs\02-pages\02-guides\incremental-static-regeneration.md","0,6"
"index.md","node_modules\next\dist\docs\02-pages\02-guides\index.md","0,1"
"instrumentation.md","node_modules\next\dist\docs\02-pages\02-guides\instrumentation.md","0,5"
"internationalization.md","node_modules\next\dist\docs\02-pages\02-guides\internationalization.md","14,7"
"lazy-loading.md","node_modules\next\dist\docs\02-pages\02-guides\lazy-loading.md","0,6"
"mdx.md","node_modules\next\dist\docs\02-pages\02-guides\mdx.md","0,5"
"app-router-migration.md","node_modules\next\dist\docs\02-pages\02-guides\migrating\app-router-migration.md","0,6"
"from-create-react-app.md","node_modules\next\dist\docs\02-pages\02-guides\migrating\from-create-react-app.md","0,6"
"from-vite.md","node_modules\next\dist\docs\02-pages\02-guides\migrating\from-vite.md","0,5"
"index.md","node_modules\next\dist\docs\02-pages\02-guides\migrating\index.md","0,1"
"multi-zones.md","node_modules\next\dist\docs\02-pages\02-guides\multi-zones.md","0,6"
"open-telemetry.md","node_modules\next\dist\docs\02-pages\02-guides\open-telemetry.md","0,5"
"package-bundling.md","node_modules\next\dist\docs\02-pages\02-guides\package-bundling.md","0,6"
"post-css.md","node_modules\next\dist\docs\02-pages\02-guides\post-css.md","5,7"
"preview-mode.md","node_modules\next\dist\docs\02-pages\02-guides\preview-mode.md","14"
"production-checklist.md","node_modules\next\dist\docs\02-pages\02-guides\production-checklist.md","0,6"
"redirecting.md","node_modules\next\dist\docs\02-pages\02-guides\redirecting.md","0,5"
"sass.md","node_modules\next\dist\docs\02-pages\02-guides\sass.md","0,5"
"scripts.md","node_modules\next\dist\docs\02-pages\02-guides\scripts.md","0,5"
"self-hosting.md","node_modules\next\dist\docs\02-pages\02-guides\self-hosting.md","0,6"
"static-exports.md","node_modules\next\dist\docs\02-pages\02-guides\static-exports.md","0,6"
"tailwind-v3-css.md","node_modules\next\dist\docs\02-pages\02-guides\tailwind-v3-css.md","0,4"
"cypress.md","node_modules\next\dist\docs\02-pages\02-guides\testing\cypress.md","0,5"
"index.md","node_modules\next\dist\docs\02-pages\02-guides\testing\index.md","0,5"
"jest.md","node_modules\next\dist\docs\02-pages\02-guides\testing\jest.md","0,5"
"playwright.md","node_modules\next\dist\docs\02-pages\02-guides\testing\playwright.md","0,5"
"vitest.md","node_modules\next\dist\docs\02-pages\02-guides\testing\vitest.md","0,5"
"third-party-libraries.md","node_modules\next\dist\docs\02-pages\02-guides\third-party-libraries.md","0,6"
"codemods.md","node_modules\next\dist\docs\02-pages\02-guides\upgrading\codemods.md","0,5"
"index.md","node_modules\next\dist\docs\02-pages\02-guides\upgrading\index.md","0,2"
"version-10.md","node_modules\next\dist\docs\02-pages\02-guides\upgrading\version-10.md","0,6"
"version-11.md","node_modules\next\dist\docs\02-pages\02-guides\upgrading\version-11.md","6,4"
"version-12.md","node_modules\next\dist\docs\02-pages\02-guides\upgrading\version-12.md","7,3"
"version-13.md","node_modules\next\dist\docs\02-pages\02-guides\upgrading\version-13.md","5,2"
"version-14.md","node_modules\next\dist\docs\02-pages\02-guides\upgrading\version-14.md","0,5"
"version-9.md","node_modules\next\dist\docs\02-pages\02-guides\upgrading\version-9.md","6"
"01-pages-and-layouts.md","node_modules\next\dist\docs\02-pages\03-building-your-application\01-routing\01-pages-and-layouts.md","6,7"
"02-dynamic-routes.md","node_modules\next\dist\docs\02-pages\03-building-your-application\01-routing\02-dynamic-routes.md","3,1"
"03-linking-and-navigating.md","node_modules\next\dist\docs\02-pages\03-building-your-application\01-routing\03-linking-and-navigating.md","6,2"
"05-custom-app.md","node_modules\next\dist\docs\02-pages\03-building-your-application\01-routing\05-custom-app.md","3,2"
"06-custom-document.md","node_modules\next\dist\docs\02-pages\03-building-your-application\01-routing\06-custom-document.md","4,7"
"07-api-routes.md","node_modules\next\dist\docs\02-pages\03-building-your-application\01-routing\07-api-routes.md","15,4"
"08-custom-error.md","node_modules\next\dist\docs\02-pages\03-building-your-application\01-routing\08-custom-error.md","3,7"
"index.md","node_modules\next\dist\docs\02-pages\03-building-your-application\01-routing\index.md","0,3"
"01-server-side-rendering.md","node_modules\next\dist\docs\02-pages\03-building-your-application\02-rendering\01-server-side-rendering.md","1,3"
"02-static-site-generation.md","node_modules\next\dist\docs\02-pages\03-building-your-application\02-rendering\02-static-site-generation.md","10"
"04-automatic-static-optimization.md","node_modules\next\dist\docs\02-pages\03-building-your-application\02-rendering\04-automatic-static-optimization.md","3,7"
"05-client-side-rendering.md","node_modules\next\dist\docs\02-pages\03-building-your-application\02-rendering\05-client-side-rendering.md","3,9"
"index.md","node_modules\next\dist\docs\02-pages\03-building-your-application\02-rendering\index.md","1,7"
"01-get-static-props.md","node_modules\next\dist\docs\02-pages\03-building-your-application\03-data-fetching\01-get-static-props.md","9,2"
"02-get-static-paths.md","node_modules\next\dist\docs\02-pages\03-building-your-application\03-data-fetching\02-get-static-paths.md","5,1"
"03-get-server-side-props.md","node_modules\next\dist\docs\02-pages\03-building-your-application\03-data-fetching\03-get-server-side-props.md","4,9"
"05-client-side.md","node_modules\next\dist\docs\02-pages\03-building-your-application\03-data-fetching\05-client-side.md","2,6"
"index.md","node_modules\next\dist\docs\02-pages\03-building-your-application\03-data-fetching\index.md","4,3"
"12-error-handling.md","node_modules\next\dist\docs\02-pages\03-building-your-application\06-configuring\12-error-handling.md","3,9"
"index.md","node_modules\next\dist\docs\02-pages\03-building-your-application\06-configuring\index.md","0,3"
"index.md","node_modules\next\dist\docs\02-pages\03-building-your-application\index.md","0,1"
"font.md","node_modules\next\dist\docs\02-pages\04-api-reference\01-components\font.md","0,5"
"form.md","node_modules\next\dist\docs\02-pages\04-api-reference\01-components\form.md","0,5"
"head.md","node_modules\next\dist\docs\02-pages\04-api-reference\01-components\head.md","2,1"
"image.md","node_modules\next\dist\docs\02-pages\04-api-reference\01-components\image.md","0,5"
"image-legacy.md","node_modules\next\dist\docs\02-pages\04-api-reference\01-components\image-legacy.md","31,5"
"index.md","node_modules\next\dist\docs\02-pages\04-api-reference\01-components\index.md","0,5"
"link.md","node_modules\next\dist\docs\02-pages\04-api-reference\01-components\link.md","0,4"
"script.md","node_modules\next\dist\docs\02-pages\04-api-reference\01-components\script.md","0,5"
"index.md","node_modules\next\dist\docs\02-pages\04-api-reference\02-file-conventions\index.md","0,1"
"instrumentation.md","node_modules\next\dist\docs\02-pages\04-api-reference\02-file-conventions\instrumentation.md","0,5"
"proxy.md","node_modules\next\dist\docs\02-pages\04-api-reference\02-file-conventions\proxy.md","0,5"
"public-folder.md","node_modules\next\dist\docs\02-pages\04-api-reference\02-file-conventions\public-folder.md","0,5"
"src-folder.md","node_modules\next\dist\docs\02-pages\04-api-reference\02-file-conventions\src-folder.md","0,5"
"get-initial-props.md","node_modules\next\dist\docs\02-pages\04-api-reference\03-functions\get-initial-props.md","3,7"
"get-server-side-props.md","node_modules\next\dist\docs\02-pages\04-api-reference\03-functions\get-server-side-props.md","7,4"
"get-static-paths.md","node_modules\next\dist\docs\02-pages\04-api-reference\03-functions\get-static-paths.md","12,3"
"get-static-props.md","node_modules\next\dist\docs\02-pages\04-api-reference\03-functions\get-static-props.md","12,6"
"index.md","node_modules\next\dist\docs\02-pages\04-api-reference\03-functions\index.md","0,4"
"next-request.md","node_modules\next\dist\docs\02-pages\04-api-reference\03-functions\next-request.md","0,4"
"next-response.md","node_modules\next\dist\docs\02-pages\04-api-reference\03-functions\next-response.md","0,4"
"use-params.md","node_modules\next\dist\docs\02-pages\04-api-reference\03-functions\use-params.md","6,9"
"userAgent.md","node_modules\next\dist\docs\02-pages\04-api-reference\03-functions\userAgent.md","0,5"
"use-report-web-vitals.md","node_modules\next\dist\docs\02-pages\04-api-reference\03-functions\use-report-web-vitals.md","0,4"
"use-router.md","node_modules\next\dist\docs\02-pages\04-api-reference\03-functions\use-router.md","20"
"use-search-params.md","node_modules\next\dist\docs\02-pages\04-api-reference\03-functions\use-search-params.md","9,9"
"adapterPath.md","node_modules\next\dist\docs\02-pages\04-api-reference\04-config\01-next-config-js\adapterPath.md","0,5"
"allowedDevOrigins.md","node_modules\next\dist\docs\02-pages\04-api-reference\04-config\01-next-config-js\allowedDevOrigins.md","0,5"
"assetPrefix.md","node_modules\next\dist\docs\02-pages\04-api-reference\04-config\01-next-config-js\assetPrefix.md","0,5"
"basePath.md","node_modules\next\dist\docs\02-pages\04-api-reference\04-config\01-next-config-js\basePath.md","0,5"
"bundlePagesRouterDependencies.md","node_modules\next\dist\docs\02-pages\04-api-reference\04-config\01-next-config-js\bundlePagesRouterDependencies.md","1"
"compress.md","node_modules\next\dist\docs\02-pages\04-api-reference\04-config\01-next-config-js\compress.md","0,6"
"crossOrigin.md","node_modules\next\dist\docs\02-pages\04-api-reference\04-config\01-next-config-js\crossOrigin.md","0,5"
"deploymentId.md","node_modules\next\dist\docs\02-pages\04-api-reference\04-config\01-next-config-js\deploymentId.md","0,5"
"devIndicators.md","node_modules\next\dist\docs\02-pages\04-api-reference\04-config\01-next-config-js\devIndicators.md","0,5"
"distDir.md","node_modules\next\dist\docs\02-pages\04-api-reference\04-config\01-next-config-js\distDir.md","0,5"
"env.md","node_modules\next\dist\docs\02-pages\04-api-reference\04-config\01-next-config-js\env.md","0,5"
"exportPathMap.md","node_modules\next\dist\docs\02-pages\04-api-reference\04-config\01-next-config-js\exportPathMap.md","0,5"
"generateBuildId.md","node_modules\next\dist\docs\02-pages\04-api-reference\04-config\01-next-config-js\generateBuildId.md","0,5"
"generateEtags.md","node_modules\next\dist\docs\02-pages\04-api-reference\04-config\01-next-config-js\generateEtags.md","0,5"
"headers.md","node_modules\next\dist\docs\02-pages\04-api-reference\04-config\01-next-config-js\headers.md","0,5"
"httpAgentOptions.md","node_modules\next\dist\docs\02-pages\04-api-reference\04-config\01-next-config-js\httpAgentOptions.md","0,5"
"images.md","node_modules\next\dist\docs\02-pages\04-api-reference\04-config\01-next-config-js\images.md","0,5"
"index.md","node_modules\next\dist\docs\02-pages\04-api-reference\04-config\01-next-config-js\index.md","0,5"
"logging.md","node_modules\next\dist\docs\02-pages\04-api-reference\04-config\01-next-config-js\logging.md","0,5"
"onDemandEntries.md","node_modules\next\dist\docs\02-pages\04-api-reference\04-config\01-next-config-js\onDemandEntries.md","0,5"
"optimizePackageImports.md","node_modules\next\dist\docs\02-pages\04-api-reference\04-config\01-next-config-js\optimizePackageImports.md","0,5"
"output.md","node_modules\next\dist\docs\02-pages\04-api-reference\04-config\01-next-config-js\output.md","0,5"
"pageExtensions.md","node_modules\next\dist\docs\02-pages\04-api-reference\04-config\01-next-config-js\pageExtensions.md","0,5"
"poweredByHeader.md","node_modules\next\dist\docs\02-pages\04-api-reference\04-config\01-next-config-js\poweredByHeader.md","0,5"
"productionBrowserSourceMaps.md","node_modules\next\dist\docs\02-pages\04-api-reference\04-config\01-next-config-js\productionBrowserSourceMaps.md","0,5"
"proxyClientMaxBodySize.md","node_modules\next\dist\docs\02-pages\04-api-reference\04-config\01-next-config-js\proxyClientMaxBodySize.md","0,5"
"reactStrictMode.md","node_modules\next\dist\docs\02-pages\04-api-reference\04-config\01-next-config-js\reactStrictMode.md","0,5"
"redirects.md","node_modules\next\dist\docs\02-pages\04-api-reference\04-config\01-next-config-js\redirects.md","0,4"
"rewrites.md","node_modules\next\dist\docs\02-pages\04-api-reference\04-config\01-next-config-js\rewrites.md","0,4"
"serverExternalPackages.md","node_modules\next\dist\docs\02-pages\04-api-reference\04-config\01-next-config-js\serverExternalPackages.md","2,1"
"trailingSlash.md","node_modules\next\dist\docs\02-pages\04-api-reference\04-config\01-next-config-js\trailingSlash.md","0,5"
"transpilePackages.md","node_modules\next\dist\docs\02-pages\04-api-reference\04-config\01-next-config-js\transpilePackages.md","0,6"
"turbopack.md","node_modules\next\dist\docs\02-pages\04-api-reference\04-config\01-next-config-js\turbopack.md","0,5"
"typescript.md","node_modules\next\dist\docs\02-pages\04-api-reference\04-config\01-next-config-js\typescript.md","0,5"
"urlImports.md","node_modules\next\dist\docs\02-pages\04-api-reference\04-config\01-next-config-js\urlImports.md","0,5"
"useLightningcss.md","node_modules\next\dist\docs\02-pages\04-api-reference\04-config\01-next-config-js\useLightningcss.md","0,5"
"webpack.md","node_modules\next\dist\docs\02-pages\04-api-reference\04-config\01-next-config-js\webpack.md","0,5"
"webVitalsAttribution.md","node_modules\next\dist\docs\02-pages\04-api-reference\04-config\01-next-config-js\webVitalsAttribution.md","0,5"
"01-typescript.md","node_modules\next\dist\docs\02-pages\04-api-reference\04-config\01-typescript.md","0,5"
"02-eslint.md","node_modules\next\dist\docs\02-pages\04-api-reference\04-config\02-eslint.md","0,5"
"index.md","node_modules\next\dist\docs\02-pages\04-api-reference\04-config\index.md","0,1"
"create-next-app.md","node_modules\next\dist\docs\02-pages\04-api-reference\05-cli\create-next-app.md","0,5"
"index.md","node_modules\next\dist\docs\02-pages\04-api-reference\05-cli\index.md","0,4"
"next.md","node_modules\next\dist\docs\02-pages\04-api-reference\05-cli\next.md","0,5"
"01-configuration.md","node_modules\next\dist\docs\02-pages\04-api-reference\06-adapters\01-configuration.md","0,5"
"02-creating-an-adapter.md","node_modules\next\dist\docs\02-pages\04-api-reference\06-adapters\02-creating-an-adapter.md","0,5"
"03-api-reference.md","node_modules\next\dist\docs\02-pages\04-api-reference\06-adapters\03-api-reference.md","0,5"
"04-testing-adapters.md","node_modules\next\dist\docs\02-pages\04-api-reference\06-adapters\04-testing-adapters.md","0,5"
"05-routing-with-next-routing.md","node_modules\next\dist\docs\02-pages\04-api-reference\06-adapters\05-routing-with-next-routing.md","0,5"
"06-implementing-ppr-in-an-adapter.md","node_modules\next\dist\docs\02-pages\04-api-reference\06-adapters\06-implementing-ppr-in-an-adapter.md","0,5"
"07-runtime-integration.md","node_modules\next\dist\docs\02-pages\04-api-reference\06-adapters\07-runtime-integration.md","0,5"
"08-invoking-entrypoints.md","node_modules\next\dist\docs\02-pages\04-api-reference\06-adapters\08-invoking-entrypoints.md","0,5"
"09-output-types.md","node_modules\next\dist\docs\02-pages\04-api-reference\06-adapters\09-output-types.md","0,5"
"10-routing-information.md","node_modules\next\dist\docs\02-pages\04-api-reference\06-adapters\10-routing-information.md","0,5"
"11-use-cases.md","node_modules\next\dist\docs\02-pages\04-api-reference\06-adapters\11-use-cases.md","0,5"
"index.md","node_modules\next\dist\docs\02-pages\04-api-reference\06-adapters\index.md","0,5"
"06-edge.md","node_modules\next\dist\docs\02-pages\04-api-reference\06-edge.md","0,4"
"08-turbopack.md","node_modules\next\dist\docs\02-pages\04-api-reference\08-turbopack.md","0,2"
"index.md","node_modules\next\dist\docs\02-pages\04-api-reference\index.md","0,1"
"index.md","node_modules\next\dist\docs\02-pages\index.md","0,6"
"accessibility.md","node_modules\next\dist\docs\03-architecture\accessibility.md","2,8"
"fast-refresh.md","node_modules\next\dist\docs\03-architecture\fast-refresh.md","5,6"
"index.md","node_modules\next\dist\docs\03-architecture\index.md","0,1"
"nextjs-compiler.md","node_modules\next\dist\docs\03-architecture\nextjs-compiler.md","14,2"
"supported-browsers.md","node_modules\next\dist\docs\03-architecture\supported-browsers.md","4,5"
"01-contribution-guide.md","node_modules\next\dist\docs\04-community\01-contribution-guide.md","18,8"
"02-rspack.md","node_modules\next\dist\docs\04-community\02-rspack.md","0,6"
"index.md","node_modules\next\dist\docs\04-community\index.md","1,7"
"index.md","node_modules\next\dist\docs\index.md","3,1"
"license.md","node_modules\next\license.md","1,1"
"README.md","node_modules\next\README.md","3,1"
"README_20210527203617.md","node_modules\node-domexception\.history\README_20210527203617.md","0,1"
"README_20210527212714.md","node_modules\node-domexception\.history\README_20210527212714.md","1,6"
"README_20210527213345.md","node_modules\node-domexception\.history\README_20210527213345.md","1,5"
"README_20210527213411.md","node_modules\node-domexception\.history\README_20210527213411.md","1,5"
"README_20210527213803.md","node_modules\node-domexception\.history\README_20210527213803.md","1,6"
"README_20210527214323.md","node_modules\node-domexception\.history\README_20210527214323.md","1,6"
"README_20210527214408.md","node_modules\node-domexception\.history\README_20210527214408.md","1,6"
"README.md","node_modules\node-domexception\README.md","2"
"CHANGELOG.md","node_modules\node-exports-info\CHANGELOG.md","11,6"
"README.md","node_modules\node-exports-info\README.md","4,8"
"LICENSE.md","node_modules\node-fetch\LICENSE.md","1,1"
"README.md","node_modules\node-fetch\README.md","20,8"
"README.md","node_modules\node-releases\README.md","1,4"
"CHANGELOG.md","node_modules\object.assign\CHANGELOG.md","9,5"
"README.md","node_modules\object.assign\README.md","3,8"
"CHANGELOG.md","node_modules\object.entries\CHANGELOG.md","19,6"
"README.md","node_modules\object.entries\README.md","2,3"
"CHANGELOG.md","node_modules\object.fromentries\CHANGELOG.md","4,8"
"README.md","node_modules\object.fromentries\README.md","2,2"
"CHANGELOG.md","node_modules\object.groupby\CHANGELOG.md","2,8"
"README.md","node_modules\object.groupby\README.md","2,7"
"CHANGELOG.md","node_modules\object.values\CHANGELOG.md","19,2"
"README.md","node_modules\object.values\README.md","2,3"
"readme.md","node_modules\object-assign\readme.md","1,5"
"CHANGELOG.md","node_modules\object-inspect\CHANGELOG.md","35,7"
"CHANGELOG.md","node_modules\object-keys\CHANGELOG.md","7,4"
"README.md","node_modules\object-keys\README.md","2,4"
"README.md","node_modules\once\README.md","1,7"
"CHANGELOG.md","node_modules\optionator\CHANGELOG.md","1,9"
"README.md","node_modules\optionator\README.md","14,7"
"CHANGELOG.md","node_modules\own-keys\CHANGELOG.md","1,3"
"README.md","node_modules\own-keys\README.md","1,7"
"readme.md","node_modules\parent-module\readme.md","1,4"
"readme.md","node_modules\path-exists\readme.md","1,4"
"README.md","node_modules\path-expression-matcher\README.md","29,3"
"readme.md","node_modules\path-key\readme.md","1,3"
"README.md","node_modules\path-parse\README.md","0,9"
"README.md","node_modules\picocolors\README.md","0,6"
"README.md","node_modules\picomatch\README.md","27,3"
"readme.md","node_modules\p-limit\readme.md","2,7"
"readme.md","node_modules\p-locate\readme.md","2,5"
"CHANGELOG.md","node_modules\possible-typed-array-names\CHANGELOG.md","2,4"
"README.md","node_modules\possible-typed-array-names\README.md","2,1"
"README.md","node_modules\postcss\README.md","1,2"
"CHANGELOG.md","node_modules\prelude-ls\CHANGELOG.md","4"
"README.md","node_modules\prelude-ls\README.md","0,6"
"README.md","node_modules\prop-types\README.md","11,4"
"CHANGELOG.md","node_modules\proto3-json-serializer\CHANGELOG.md","7,6"
"README.md","node_modules\proto3-json-serializer\README.md","2,9"
"README.md","node_modules\protobufjs\ext\debug\README.md","0,1"
"README.md","node_modules\protobufjs\ext\descriptor\README.md","3,4"
"README.md","node_modules\protobufjs\google\README.md","0,2"
"README.md","node_modules\protobufjs\README.md","29"
"README.md","node_modules\punycode\README.md","5,6"
"README.md","node_modules\queue-microtask\README.md","5,5"
"README.md","node_modules\re2js\README.md","15,8"
"README.md","node_modules\react\README.md","1,1"
"README.md","node_modules\react-dom\README.md","1,1"
"README.md","node_modules\react-is\README.md","2,3"
"CONTRIBUTING.md","node_modules\readable-stream\CONTRIBUTING.md","1,4"
"GOVERNANCE.md","node_modules\readable-stream\GOVERNANCE.md","5,4"
"README.md","node_modules\readable-stream\README.md","4,6"
"CHANGELOG.md","node_modules\reflect.getprototypeof\CHANGELOG.md","10"
"README.md","node_modules\reflect.getprototypeof\README.md","3,7"
"CHANGELOG.md","node_modules\regexp.prototype.flags\CHANGELOG.md","25,1"
"README.md","node_modules\regexp.prototype.flags\README.md","2,5"
"INCIDENT_RESPONSE_PROCESS.md","node_modules\resolve\.github\INCIDENT_RESPONSE_PROCESS.md","3,7"
"THREAT_MODEL.md","node_modules\resolve\.github\THREAT_MODEL.md","4,1"
"SECURITY.md","node_modules\resolve\SECURITY.md","0,4"
"readme.md","node_modules\resolve-from\readme.md","1,8"
"README.md","node_modules\resolve-pkg-maps\README.md","7,6"
"README.md","node_modules\retry\README.md","8,8"
"CHANGELOG.md","node_modules\retry-request\CHANGELOG.md","4,5"
"readme.md","node_modules\retry-request\readme.md","4,9"
"README.md","node_modules\reusify\README.md","3,2"
"SECURITY.md","node_modules\reusify\SECURITY.md","0,4"
"README.md","node_modules\run-parallel\README.md","3,1"
"CHANGELOG.md","node_modules\safe-array-concat\CHANGELOG.md","6,4"
"README.md","node_modules\safe-array-concat\README.md","2,5"
"README.md","node_modules\safe-buffer\README.md","19,1"
"CHANGELOG.md","node_modules\safe-push-apply\CHANGELOG.md","0,8"
"README.md","node_modules\safe-push-apply\README.md","2"
"CHANGELOG.md","node_modules\safe-regex-test\CHANGELOG.md","4,2"
"README.md","node_modules\safe-regex-test\README.md","1,8"
"README.md","node_modules\scheduler\README.md","0,3"
"README.md","node_modules\semver\README.md","16,6"
"CHANGELOG.md","node_modules\set-function-length\CHANGELOG.md","4,8"
"README.md","node_modules\set-function-length\README.md","2,1"
"CHANGELOG.md","node_modules\set-function-name\CHANGELOG.md","3,7"
"README.md","node_modules\set-function-name\README.md","2,3"
"CHANGELOG.md","node_modules\set-proto\CHANGELOG.md","0,8"
"README.md","node_modules\set-proto\README.md","1,7"
"README.md","node_modules\sharp\node_modules\semver\README.md","25,1"
"README.md","node_modules\sharp\README.md","3,1"
"readme.md","node_modules\shebang-command\readme.md","0,5"
"readme.md","node_modules\shebang-regex\readme.md","0,6"
"CHANGELOG.md","node_modules\side-channel\CHANGELOG.md","11,2"
"README.md","node_modules\side-channel\README.md","2,1"
"CHANGELOG.md","node_modules\side-channel-list\CHANGELOG.md","1,6"
"README.md","node_modules\side-channel-list\README.md","2,2"
"CHANGELOG.md","node_modules\side-channel-map\CHANGELOG.md","1,2"
"README.md","node_modules\side-channel-map\README.md","2,2"
"CHANGELOG.md","node_modules\side-channel-weakmap\CHANGELOG.md","1,4"
"README.md","node_modules\side-channel-weakmap\README.md","2,3"
"README.md","node_modules\source-map-js\README.md","25,4"
"README.md","node_modules\stable-hash\README.md","3"
"CHANGELOG.md","node_modules\stop-iteration-iterator\CHANGELOG.md","2,5"
"README.md","node_modules\stop-iteration-iterator\README.md","1,8"
"readme.md","node_modules\stream-events\readme.md","1,5"
"README.md","node_modules\stream-shift\README.md","0,5"
"README.md","node_modules\string.prototype.includes\README.md","2,2"
"CHANGELOG.md","node_modules\string.prototype.matchall\CHANGELOG.md","12,6"
"README.md","node_modules\string.prototype.matchall\README.md","3,2"
"README.md","node_modules\string.prototype.repeat\README.md","1,6"
"CHANGELOG.md","node_modules\string.prototype.trim\CHANGELOG.md","22,2"
"README.md","node_modules\string.prototype.trim\README.md","2,2"
"CHANGELOG.md","node_modules\string.prototype.trimend\CHANGELOG.md","12,5"
"README.md","node_modules\string.prototype.trimend\README.md","2,2"
"CHANGELOG.md","node_modules\string.prototype.trimstart\CHANGELOG.md","10,6"
"README.md","node_modules\string.prototype.trimstart\README.md","2,3"
"README.md","node_modules\string_decoder\README.md","1,8"
"README.md","node_modules\string-width\node_modules\emoji-regex\README.md","2,6"
"readme.md","node_modules\string-width\readme.md","1,4"
"readme.md","node_modules\strip-ansi\readme.md","1,6"
"readme.md","node_modules\strip-bom\readme.md","0,9"
"readme.md","node_modules\strip-json-comments\readme.md","1,9"
"CHANGELOG.md","node_modules\strnum\CHANGELOG.md","1,1"
"README.md","node_modules\strnum\README.md","4,5"
"readme.md","node_modules\stubs\readme.md","1,4"
"license.md","node_modules\styled-jsx\license.md","1,1"
"readme.md","node_modules\styled-jsx\readme.md","31"
"readme.md","node_modules\supports-color\readme.md","2,2"
"CHANGELOG.md","node_modules\supports-preserve-symlinks-flag\CHANGELOG.md","1,9"
"README.md","node_modules\supports-preserve-symlinks-flag\README.md","2,2"
"CHANGELOG.md","node_modules\teeny-request\CHANGELOG.md","12,2"
"README.md","node_modules\teeny-request\node_modules\agent-base\README.md","4,9"
"README.md","node_modules\teeny-request\node_modules\https-proxy-agent\README.md","4,6"
"README.md","node_modules\teeny-request\README.md","3,3"
"README.md","node_modules\tinyglobby\node_modules\fdir\README.md","3,8"
"README.md","node_modules\tinyglobby\node_modules\picomatch\README.md","27,7"
"README.md","node_modules\tinyglobby\README.md","0,9"
"README.md","node_modules\to-regex-range\README.md","13,3"
"LICENSE.md","node_modules\ts-api-utils\LICENSE.md","1"
"README.md","node_modules\ts-api-utils\README.md","1,7"
"CHANGELOG.md","node_modules\tsconfig-paths\CHANGELOG.md","11,5"
"LICENSE.md","node_modules\tsconfig-paths\node_modules\json5\LICENSE.md","1,1"
"README.md","node_modules\tsconfig-paths\node_modules\json5\README.md","7,5"
"README.md","node_modules\tsconfig-paths\README.md","9,5"
"README.md","node_modules\tslib\README.md","3,9"
"SECURITY.md","node_modules\tslib\SECURITY.md","2,7"
"README.md","node_modules\type-check\README.md","10"
"CHANGELOG.md","node_modules\typed-array-buffer\CHANGELOG.md","4,2"
"README.md","node_modules\typed-array-buffer\README.md","2"
"CHANGELOG.md","node_modules\typed-array-byte-length\CHANGELOG.md","3,5"
"README.md","node_modules\typed-array-byte-length\README.md","3,6"
"CHANGELOG.md","node_modules\typed-array-byte-offset\CHANGELOG.md","5"
"README.md","node_modules\typed-array-byte-offset\README.md","3,6"
"CHANGELOG.md","node_modules\typed-array-length\CHANGELOG.md","11,3"
"README.md","node_modules\typed-array-length\README.md","2,7"
"README.md","node_modules\typescript\README.md","2,8"
"SECURITY.md","node_modules\typescript\SECURITY.md","2,6"
"README.md","node_modules\typescript-eslint\README.md","0,7"
"CHANGELOG.md","node_modules\unbox-primitive\CHANGELOG.md","8,4"
"README.md","node_modules\unbox-primitive\README.md","2,1"
"README.md","node_modules\undici-types\README.md","0,4"
"README.md","node_modules\unrs-resolver\README.md","21,6"
"README.md","node_modules\update-browserslist-db\README.md","0,8"
"README.md","node_modules\uri-js\README.md","6,3"
"History.md","node_modules\util-deprecate\History.md","0,3"
"README.md","node_modules\util-deprecate\README.md","1,6"
"CHANGELOG.md","node_modules\uuid\CHANGELOG.md","15,8"
"CONTRIBUTING.md","node_modules\uuid\CONTRIBUTING.md","0,5"
"LICENSE.md","node_modules\uuid\LICENSE.md","1,1"
"README.md","node_modules\uuid\README.md","16,6"
"LICENSE.md","node_modules\webidl-conversions\LICENSE.md","1,3"
"README.md","node_modules\webidl-conversions\README.md","5,4"
"LICENSE.md","node_modules\websocket-driver\LICENSE.md","0,5"
"README.md","node_modules\websocket-driver\README.md","12,7"
"CHANGELOG.md","node_modules\websocket-extensions\CHANGELOG.md","0,9"
"README.md","node_modules\websocket-extensions\lib\pipeline\README.md","24,1"
"LICENSE.md","node_modules\websocket-extensions\LICENSE.md","0,5"
"README.md","node_modules\websocket-extensions\README.md","12,8"
"README.md","node_modules\web-streams-polyfill\README.md","6,4"
"README.md","node_modules\web-vitals\README.md","48,1"
"README.md","node_modules\whatwg-url\README.md","5"
"CHANGELOG.md","node_modules\which\CHANGELOG.md","2,6"
"README.md","node_modules\which\README.md","1,3"
"CHANGELOG.md","node_modules\which-boxed-primitive\CHANGELOG.md","8,9"
"README.md","node_modules\which-boxed-primitive\README.md","3"
"CHANGELOG.md","node_modules\which-builtin-type\CHANGELOG.md","11,3"
"README.md","node_modules\which-builtin-type\README.md","3,4"
"CHANGELOG.md","node_modules\which-collection\CHANGELOG.md","6,8"
"README.md","node_modules\which-collection\README.md","2,8"
"CHANGELOG.md","node_modules\which-typed-array\CHANGELOG.md","26,9"
"README.md","node_modules\which-typed-array\README.md","3,3"
"README.md","node_modules\word-wrap\README.md","6,2"
"readme.md","node_modules\wrap-ansi\readme.md","2,7"
"README.md","node_modules\wrappy\README.md","0,7"
"README.md","node_modules\xml-naming\README.md","9,5"
"CHANGELOG.md","node_modules\y18n\CHANGELOG.md","3,8"
"README.md","node_modules\y18n\README.md","3,1"
"README.md","node_modules\yallist\README.md","4,6"
"CHANGELOG.md","node_modules\yargs\CHANGELOG.md","24,6"
"README.md","node_modules\yargs\README.md","5,8"
"CHANGELOG.md","node_modules\yargs-parser\CHANGELOG.md","16,1"
"README.md","node_modules\yargs-parser\README.md","11,6"
"readme.md","node_modules\yocto-queue\readme.md","2"
"README.md","node_modules\zod\README.md","5,5"
"README.md","node_modules\zod-validation-error\README.md","21,4"
"README.v3.md","node_modules\zod-validation-error\README.v3.md","18,7"
"README.md","README.md","3,8"
"REVIEW_V0.3.1.md","REVIEW_V0.3.1.md","2,2"
